ISO-10303-21;
HEADER;
FILE_DESCRIPTION (( 'STEP AP214' ),
    '1' );
FILE_NAME ('sensor_plate.STEP',
    '2024-08-02T14:53:34',
    ( '' ),
    ( '' ),
    'SwSTEP 2.0',
    'SolidWorks 2023',
    '' );
FILE_SCHEMA (( 'AUTOMOTIVE_DESIGN' ));
ENDSEC;

DATA;
#1 = CARTESIAN_POINT ( 'NONE',  ( -68.74473510350190963, 7.500000000000000000, -124.1999999999987949 ) ) ;
#2 = FACE_OUTER_BOUND ( 'NONE', #1738, .T. ) ;
#3 = CARTESIAN_POINT ( 'NONE',  ( 119.9999999999999716, 7.500000000000007105, -99.99999999999636202 ) ) ;
#4 = ORIENTED_EDGE ( 'NONE', *, *, #940, .F. ) ;
#5 = ADVANCED_FACE ( 'NONE', ( #1608 ), #652, .F. ) ;
#6 = ORIENTED_EDGE ( 'NONE', *, *, #1161, .T. ) ;
#7 = CYLINDRICAL_SURFACE ( 'NONE', #1177, 4.200000000000009059 ) ;
#8 = ORIENTED_EDGE ( 'NONE', *, *, #679, .T. ) ;
#9 = DIRECTION ( 'NONE',  ( 0.000000000000000000, 0.000000000000000000, 1.000000000000000000 ) ) ;
#10 = CARTESIAN_POINT ( 'NONE',  ( -120.0000000000000284, -7.500000000000000000, -96.59999999999635634 ) ) ;
#11 = DIRECTION ( 'NONE',  ( 0.000000000000000000, 0.000000000000000000, 1.000000000000000000 ) ) ;
#12 = EDGE_CURVE ( 'NONE', #1877, #1508, #325, .T. ) ;
#13 = ORIENTED_EDGE ( 'NONE', *, *, #1817, .F. ) ;
#14 = CARTESIAN_POINT ( 'NONE',  ( -120.0000000000000284, 7.500000000000007105, 103.4000000000036579 ) ) ;
#15 = DIRECTION ( 'NONE',  ( 0.000000000000000000, -1.000000000000000000, 0.000000000000000000 ) ) ;
#16 = EDGE_CURVE ( 'NONE', #144, #333, #730, .T. ) ;
#17 = AXIS2_PLACEMENT_3D ( 'NONE', #1249, #257, #748 ) ;
#18 = ORIENTED_EDGE ( 'NONE', *, *, #1563, .T. ) ;
#19 = CYLINDRICAL_SURFACE ( 'NONE', #2085, 5.249999999999997335 ) ;
#20 = ADVANCED_FACE ( 'NONE', ( #286 ), #1445, .F. ) ;
#21 = VECTOR ( 'NONE', #1492, 1000.000000000000000 ) ;
#22 = CARTESIAN_POINT ( 'NONE',  ( 73.99999999999988631, -7.500000000000007105, 5.381221287031438031E-12 ) ) ;
#23 = AXIS2_PLACEMENT_3D ( 'NONE', #2006, #343, #1488 ) ;
#24 = CARTESIAN_POINT ( 'NONE',  ( 61.25526489649811168, -7.500000000000007105, 115.8000000000012051 ) ) ;
#25 = CIRCLE ( 'NONE', #1350, 2.649999999999999467 ) ;
#26 = DIRECTION ( 'NONE',  ( -0.000000000000000000, 1.000000000000000000, -0.000000000000000000 ) ) ;
#27 = VECTOR ( 'NONE', #1250, 1000.000000000000000 ) ;
#28 = ORIENTED_EDGE ( 'NONE', *, *, #1911, .F. ) ;
#29 = AXIS2_PLACEMENT_3D ( 'NONE', #1154, #499, #169 ) ;
#30 = EDGE_CURVE ( 'NONE', #995, #1850, #1781, .T. ) ;
#31 = CARTESIAN_POINT ( 'NONE',  ( 103.9999999999999858, 7.500000000000000000, -104.0000000000000000 ) ) ;
#32 = CARTESIAN_POINT ( 'NONE',  ( -68.74473510350190963, -7.500000000000007105, -119.9999999999988063 ) ) ;
#33 = VERTEX_POINT ( 'NONE', #967 ) ;
#34 = DIRECTION ( 'NONE',  ( 0.000000000000000000, 0.000000000000000000, -1.000000000000000000 ) ) ;
#35 = DIRECTION ( 'NONE',  ( 0.000000000000000000, 0.000000000000000000, 1.000000000000000000 ) ) ;
#36 = DIRECTION ( 'NONE',  ( 0.000000000000000000, 0.000000000000000000, -1.000000000000000000 ) ) ;
#37 = DIRECTION ( 'NONE',  ( 0.000000000000000000, 0.000000000000000000, 1.000000000000000000 ) ) ;
#38 = ORIENTED_EDGE ( 'NONE', *, *, #1058, .F. ) ;
#39 = DIRECTION ( 'NONE',  ( 0.000000000000000000, 0.000000000000000000, -1.000000000000000000 ) ) ;
#40 = ORIENTED_EDGE ( 'NONE', *, *, #1901, .F. ) ;
#41 = DIRECTION ( 'NONE',  ( 0.000000000000000000, 0.000000000000000000, -1.000000000000000000 ) ) ;
#42 = CARTESIAN_POINT ( 'NONE',  ( -104.0000000000000284, 7.500000000000000000, -150.0000000000000000 ) ) ;
#43 = CARTESIAN_POINT ( 'NONE',  ( -108.7447351035018812, 7.500000000000000000, -70.79999999999279225 ) ) ;
#44 = LINE ( 'NONE', #664, #1074 ) ;
#45 = ORIENTED_EDGE ( 'NONE', *, *, #1838, .T. ) ;
#46 = DIRECTION ( 'NONE',  ( -0.000000000000000000, 1.000000000000000000, -0.000000000000000000 ) ) ;
#47 = ORIENTED_EDGE ( 'NONE', *, *, #820, .T. ) ;
#48 = FACE_OUTER_BOUND ( 'NONE', #151, .T. ) ;
#49 = VECTOR ( 'NONE', #2032, 1000.000000000000000 ) ;
#50 = CIRCLE ( 'NONE', #2051, 5.249999999999991118 ) ;
#51 = EDGE_CURVE ( 'NONE', #1151, #344, #807, .T. ) ;
#52 = CARTESIAN_POINT ( 'NONE',  ( -68.74473510350190963, 7.500000000000000000, -119.9999999999988063 ) ) ;
#53 = PRODUCT_CONTEXT ( 'NONE', #651, 'mechanical' ) ;
#54 = CIRCLE ( 'NONE', #1657, 5.249999999999997335 ) ;
#55 = CIRCLE ( 'NONE', #261, 4.200000000000009059 ) ;
#56 = EDGE_CURVE ( 'NONE', #348, #1140, #1342, .T. ) ;
#57 = DIRECTION ( 'NONE',  ( 0.000000000000000000, -1.000000000000000000, 0.000000000000000000 ) ) ;
#58 = EDGE_LOOP ( 'NONE', ( #2000, #1426, #1159, #273 ) ) ;
#59 = EDGE_CURVE ( 'NONE', #1232, #750, #1928, .T. ) ;
#60 = CIRCLE ( 'NONE', #229, 4.199999999999995737 ) ;
#61 = CARTESIAN_POINT ( 'NONE',  ( 150.0000000000000284, 7.500000000000000000, 104.0000000000000142 ) ) ;
#62 = ORIENTED_EDGE ( 'NONE', *, *, #70, .F. ) ;
#63 = DIRECTION ( 'NONE',  ( -0.000000000000000000, -1.000000000000000000, -0.000000000000000000 ) ) ;
#64 = LINE ( 'NONE', #1852, #833 ) ;
#65 = DIRECTION ( 'NONE',  ( 1.000000000000000000, 0.000000000000000000, 0.000000000000000000 ) ) ;
#66 = CARTESIAN_POINT ( 'NONE',  ( -26.00000000000015632, -7.500000000000007105, 5.257510070753409350E-12 ) ) ;
#67 = CARTESIAN_POINT ( 'NONE',  ( -150.0000000000000284, 7.500000000000000000, -104.0000000000000000 ) ) ;
#68 = ORIENTED_EDGE ( 'NONE', *, *, #1118, .F. ) ;
#69 = CARTESIAN_POINT ( 'NONE',  ( -30.12658773652751165, 7.500000000000006217, -26.00000000000092371 ) ) ;
#70 = EDGE_CURVE ( 'NONE', #1769, #1753, #705, .T. ) ;
#71 = ORIENTED_EDGE ( 'NONE', *, *, #131, .F. ) ;
#72 = FACE_OUTER_BOUND ( 'NONE', #1834, .T. ) ;
#73 = DIRECTION ( 'NONE',  ( -0.000000000000000000, 1.000000000000000000, -0.000000000000000000 ) ) ;
#74 =( LENGTH_UNIT ( ) NAMED_UNIT ( * ) SI_UNIT ( .MILLI., .METRE. ) );
#75 = PLANE ( 'NONE',  #360 ) ;
#76 = EDGE_CURVE ( 'NONE', #832, #1801, #796, .T. ) ;
#77 = DIRECTION ( 'NONE',  ( -0.000000000000000000, -1.000000000000000000, -0.000000000000000000 ) ) ;
#78 = ORIENTED_EDGE ( 'NONE', *, *, #868, .T. ) ;
#79 = DIRECTION ( 'NONE',  ( -0.000000000000000000, -1.000000000000000000, -0.000000000000000000 ) ) ;
#80 = ORIENTED_EDGE ( 'NONE', *, *, #1659, .T. ) ;
#81 = ORIENTED_EDGE ( 'NONE', *, *, #1335, .F. ) ;
#82 = CARTESIAN_POINT ( 'NONE',  ( 61.25526489649799800, -7.500000000000007105, -124.1999999999988091 ) ) ;
#83 = ORIENTED_EDGE ( 'NONE', *, *, #1616, .T. ) ;
#84 = EDGE_CURVE ( 'NONE', #435, #200, #428, .T. ) ;
#85 = LINE ( 'NONE', #1591, #506 ) ;
#86 = CIRCLE ( 'NONE', #863, 4.199999999999995737 ) ;
#87 = DIRECTION ( 'NONE',  ( 0.000000000000000000, 0.000000000000000000, -1.000000000000000000 ) ) ;
#88 = AXIS2_PLACEMENT_3D ( 'NONE', #2019, #1355, #1983 ) ;
#89 = DIRECTION ( 'NONE',  ( -0.000000000000000000, 1.000000000000000000, -0.000000000000000000 ) ) ;
#90 = VERTEX_POINT ( 'NONE', #523 ) ;
#91 = AXIS2_PLACEMENT_3D ( 'NONE', #526, #1169, #1694 ) ;
#92 = DIRECTION ( 'NONE',  ( -0.000000000000000000, -1.000000000000000000, -0.000000000000000000 ) ) ;
#93 = AXIS2_PLACEMENT_3D ( 'NONE', #1337, #1987, #533 ) ;
#94 = EDGE_LOOP ( 'NONE', ( #1325, #856, #1127, #38 ) ) ;
#95 = VECTOR ( 'NONE', #79, 1000.000000000000000 ) ;
#96 = ORIENTED_EDGE ( 'NONE', *, *, #220, .F. ) ;
#97 = FACE_BOUND ( 'NONE', #1436, .T. ) ;
#98 = AXIS2_PLACEMENT_3D ( 'NONE', #420, #1218, #1367 ) ;
#99 = CIRCLE ( 'NONE', #1596, 4.199999999999995737 ) ;
#100 = ORIENTED_EDGE ( 'NONE', *, *, #418, .F. ) ;
#101 = CARTESIAN_POINT ( 'NONE',  ( 119.9999999999999716, -7.500000000000000000, 103.4000000000036579 ) ) ;
#102 = ADVANCED_FACE ( 'NONE', ( #246 ), #75, .F. ) ;
#103 = LINE ( 'NONE', #457, #1931 ) ;
#104 = CARTESIAN_POINT ( 'NONE',  ( -120.0000000000000284, 7.500000000000007105, -103.3999999999963535 ) ) ;
#105 = ORIENTED_EDGE ( 'NONE', *, *, #354, .T. ) ;
#106 = CYLINDRICAL_SURFACE ( 'NONE', #1692, 4.199999999999995737 ) ;
#107 = PRODUCT_DEFINITION ( 'UNKNOWN', '', #1767, #158 ) ;
#108 = ORIENTED_EDGE ( 'NONE', *, *, #220, .T. ) ;
#109 = CARTESIAN_POINT ( 'NONE',  ( -30.12658773652751165, -7.500000000000000000, -26.00000000000092371 ) ) ;
#110 = ADVANCED_FACE ( 'NONE', ( #1039 ), #894, .F. ) ;
#111 = ORIENTED_EDGE ( 'NONE', *, *, #800, .F. ) ;
#112 = DIRECTION ( 'NONE',  ( -0.000000000000000000, -1.000000000000000000, -0.000000000000000000 ) ) ;
#113 = DIRECTION ( 'NONE',  ( -0.000000000000000000, -1.000000000000000000, -0.000000000000000000 ) ) ;
#114 = CARTESIAN_POINT ( 'NONE',  ( -30.12658773652751165, 7.500000000000007105, -36.50000000000092371 ) ) ;
#115 = ORIENTED_EDGE ( 'NONE', *, *, #962, .F. ) ;
#116 = ADVANCED_FACE ( 'NONE', ( #682 ), #1697, .F. ) ;
#117 = CARTESIAN_POINT ( 'NONE',  ( -99.99999999999997158, -7.500000000000000000, -100.0000000000000000 ) ) ;
#118 = ORIENTED_EDGE ( 'NONE', *, *, #1749, .F. ) ;
#119 = ORIENTED_EDGE ( 'NONE', *, *, #214, .T. ) ;
#120 = CARTESIAN_POINT ( 'NONE',  ( 61.25526489649811168, -7.500000000000007105, 120.0000000000012221 ) ) ;
#121 = EDGE_CURVE ( 'NONE', #769, #905, #1327, .T. ) ;
#122 = ORIENTED_EDGE ( 'NONE', *, *, #591, .F. ) ;
#123 = DIRECTION ( 'NONE',  ( 0.000000000000000000, 0.000000000000000000, -1.000000000000000000 ) ) ;
#124 = FACE_BOUND ( 'NONE', #311, .T. ) ;
#125 = DIRECTION ( 'NONE',  ( 0.000000000000000000, 0.000000000000000000, -1.000000000000000000 ) ) ;
#126 = VERTEX_POINT ( 'NONE', #236 ) ;
#127 = EDGE_CURVE ( 'NONE', #269, #126, #1869, .T. ) ;
#128 = VECTOR ( 'NONE', #1579, 1000.000000000000000 ) ;
#129 = LINE ( 'NONE', #1752, #1934 ) ;
#130 = ORIENTED_EDGE ( 'NONE', *, *, #1357, .F. ) ;
#131 = EDGE_CURVE ( 'NONE', #333, #573, #1473, .T. ) ;
#132 = CIRCLE ( 'NONE', #1626, 46.00000000000000000 ) ;
#133 = DIRECTION ( 'NONE',  ( 1.850371707708594316E-16, 0.000000000000000000, 1.000000000000000000 ) ) ;
#134 = DIRECTION ( 'NONE',  ( -0.000000000000000000, -1.000000000000000000, -0.000000000000000000 ) ) ;
#135 = AXIS2_PLACEMENT_3D ( 'NONE', #1939, #1424, #802 ) ;
#136 = ORIENTED_EDGE ( 'NONE', *, *, #322, .F. ) ;
#137 = LINE ( 'NONE', #430, #258 ) ;
#138 = CIRCLE ( 'NONE', #775, 3.400000000000000355 ) ;
#139 = CIRCLE ( 'NONE', #544, 2.649999999999999467 ) ;
#140 = DIRECTION ( 'NONE',  ( 0.000000000000000000, -0.000000000000000000, 1.000000000000000000 ) ) ;
#141 = CARTESIAN_POINT ( 'NONE',  ( -108.7447351035018812, -7.500000000000007105, 70.80000000000001137 ) ) ;
#142 = ORIENTED_EDGE ( 'NONE', *, *, #1135, .T. ) ;
#143 = CARTESIAN_POINT ( 'NONE',  ( 103.9999999999999858, -7.500000000000000000, -150.0000000000000000 ) ) ;
#144 = VERTEX_POINT ( 'NONE', #1148 ) ;
#145 = ORIENTED_EDGE ( 'NONE', *, *, #1634, .T. ) ;
#146 = DIRECTION ( 'NONE',  ( -0.000000000000000000, 1.000000000000000000, -0.000000000000000000 ) ) ;
#147 = ORIENTED_EDGE ( 'NONE', *, *, #490, .T. ) ;
#148 = FACE_OUTER_BOUND ( 'NONE', #1742, .T. ) ;
#149 = DIRECTION ( 'NONE',  ( 0.000000000000000000, 0.000000000000000000, 1.000000000000000000 ) ) ;
#150 = CARTESIAN_POINT ( 'NONE',  ( 78.12658773652741218, 7.500000000000006217, 25.99999999999917577 ) ) ;
#151 = EDGE_LOOP ( 'NONE', ( #1165, #1866, #628, #2013 ) ) ;
#152 = DIRECTION ( 'NONE',  ( -0.000000000000000000, -1.000000000000000000, -0.000000000000000000 ) ) ;
#153 = DIRECTION ( 'NONE',  ( 0.000000000000000000, 0.000000000000000000, -1.000000000000000000 ) ) ;
#154 = ORIENTED_EDGE ( 'NONE', *, *, #1971, .T. ) ;
#155 = ADVANCED_FACE ( 'NONE', ( #722 ), #1803, .F. ) ;
#156 = DIRECTION ( 'NONE',  ( -0.000000000000000000, 1.000000000000000000, -0.000000000000000000 ) ) ;
#157 = CARTESIAN_POINT ( 'NONE',  ( 61.25526489649811168, -7.500000000000007105, 115.8000000000012051 ) ) ;
#158 = PRODUCT_DEFINITION_CONTEXT ( 'detailed design', #823, 'design' ) ;
#159 = CARTESIAN_POINT ( 'NONE',  ( -68.74473510350190963, -7.500000000000007105, 115.8000000000012193 ) ) ;
#160 = ORIENTED_EDGE ( 'NONE', *, *, #385, .F. ) ;
#161 = DIRECTION ( 'NONE',  ( -0.000000000000000000, 1.000000000000000000, -0.000000000000000000 ) ) ;
#162 = DIRECTION ( 'NONE',  ( 0.000000000000000000, 0.000000000000000000, 1.000000000000000000 ) ) ;
#163 = EDGE_CURVE ( 'NONE', #665, #1908, #189, .T. ) ;
#164 = CIRCLE ( 'NONE', #1485, 2.649999999999999467 ) ;
#165 = VERTEX_POINT ( 'NONE', #715 ) ;
#166 = AXIS2_PLACEMENT_3D ( 'NONE', #501, #198, #11 ) ;
#167 = AXIS2_PLACEMENT_3D ( 'NONE', #680, #543, #178 ) ;
#168 = CYLINDRICAL_SURFACE ( 'NONE', #431, 5.249999999999893419 ) ;
#169 = DIRECTION ( 'NONE',  ( 0.000000000000000000, 0.000000000000000000, -1.000000000000000000 ) ) ;
#170 = AXIS2_PLACEMENT_3D ( 'NONE', #1088, #2069, #1409 ) ;
#171 = DIRECTION ( 'NONE',  ( 0.000000000000000000, 0.000000000000000000, 1.000000000000000000 ) ) ;
#172 = ORIENTED_EDGE ( 'NONE', *, *, #393, .F. ) ;
#173 = VERTEX_POINT ( 'NONE', #1315 ) ;
#174 = CARTESIAN_POINT ( 'NONE',  ( 101.2552648964981046, -7.500000000000007105, -74.99999999999290878 ) ) ;
#175 = ORIENTED_EDGE ( 'NONE', *, *, #550, .F. ) ;
#176 = DIRECTION ( 'NONE',  ( -0.000000000000000000, 1.000000000000000000, -0.000000000000000000 ) ) ;
#177 = CARTESIAN_POINT ( 'NONE',  ( 101.2552648964981046, -7.500000000000007105, -79.19999999999289741 ) ) ;
#178 = DIRECTION ( 'NONE',  ( 0.000000000000000000, 0.000000000000000000, -1.000000000000000000 ) ) ;
#179 = EDGE_LOOP ( 'NONE', ( #1534, #1909, #1121, #896 ) ) ;
#180 = EDGE_CURVE ( 'NONE', #1092, #1042, #253, .T. ) ;
#181 = CARTESIAN_POINT ( 'NONE',  ( -150.0000000000000000, 7.500000000000000000, 150.0000000000000284 ) ) ;
#182 = LINE ( 'NONE', #827, #1994 ) ;
#183 = ORIENTED_EDGE ( 'NONE', *, *, #1055, .T. ) ;
#184 = CARTESIAN_POINT ( 'NONE',  ( -30.12658773652755428, 7.500000000000007105, 36.49999999999909051 ) ) ;
#185 = CARTESIAN_POINT ( 'NONE',  ( 119.9999999999999716, 7.500000000000007105, 100.0000000000036522 ) ) ;
#186 = EDGE_CURVE ( 'NONE', #634, #661, #1854, .T. ) ;
#187 = CYLINDRICAL_SURFACE ( 'NONE', #907, 3.400000000000000355 ) ;
#188 = VERTEX_POINT ( 'NONE', #1685 ) ;
#189 = LINE ( 'NONE', #834, #1204 ) ;
#190 = CARTESIAN_POINT ( 'NONE',  ( 23.99999999999992895, -7.500000000000006217, 49.99999999999926814 ) ) ;
#191 = EDGE_CURVE ( 'NONE', #750, #1232, #1791, .T. ) ;
#192 = ORIENTED_EDGE ( 'NONE', *, *, #1335, .T. ) ;
#193 = CARTESIAN_POINT ( 'NONE',  ( 23.99999999999990408, 7.500000000000007105, -55.24999999999463540 ) ) ;
#194 = LINE ( 'NONE', #841, #1310 ) ;
#195 = AXIS2_PLACEMENT_3D ( 'NONE', #1663, #1672, #854 ) ;
#196 = DIRECTION ( 'NONE',  ( -0.000000000000000000, -1.000000000000000000, -0.000000000000000000 ) ) ;
#197 = CIRCLE ( 'NONE', #372, 4.200000000000009059 ) ;
#198 = DIRECTION ( 'NONE',  ( -0.000000000000000000, 1.000000000000000000, -0.000000000000000000 ) ) ;
#199 = AXIS2_PLACEMENT_3D ( 'NONE', #1164, #697, #1818 ) ;
#200 = VERTEX_POINT ( 'NONE', #558 ) ;
#201 = CARTESIAN_POINT ( 'NONE',  ( -68.74473510350190963, 7.500000000000000000, -115.7999999999988034 ) ) ;
#202 = ORIENTED_EDGE ( 'NONE', *, *, #812, .F. ) ;
#203 = DIRECTION ( 'NONE',  ( -0.000000000000000000, -1.000000000000000000, -0.000000000000000000 ) ) ;
#204 = ADVANCED_FACE ( 'NONE', ( #1201 ), #396, .F. ) ;
#205 = DIRECTION ( 'NONE',  ( 0.000000000000000000, 0.000000000000000000, 1.000000000000000000 ) ) ;
#206 = DIRECTION ( 'NONE',  ( 0.000000000000000000, 0.000000000000000000, 1.000000000000000000 ) ) ;
#207 = ADVANCED_FACE ( 'NONE', ( #595, #1440, #941, #2048, #1889, #1108, #1431, #148, #1914, #930, #1228, #1880, #1763, #1922, #1236, #466, #788, #419, #1408, #306, #124, #1398, #2068, #432, #1593 ), #1557, .T. ) ;
#208 = DIRECTION ( 'NONE',  ( -0.000000000000000000, 1.000000000000000000, -0.000000000000000000 ) ) ;
#209 = EDGE_LOOP ( 'NONE', ( #1081, #1784, #78, #601 ) ) ;
#210 = DIRECTION ( 'NONE',  ( -0.000000000000000000, -1.000000000000000000, -0.000000000000000000 ) ) ;
#211 = EDGE_CURVE ( 'NONE', #754, #1850, #1990, .T. ) ;
#212 = VERTEX_POINT ( 'NONE', #1087 ) ;
#213 = CARTESIAN_POINT ( 'NONE',  ( 104.0000000000000142, -7.500000000000000000, 150.0000000000000284 ) ) ;
#214 = EDGE_CURVE ( 'NONE', #1619, #1099, #103, .T. ) ;
#215 = CYLINDRICAL_SURFACE ( 'NONE', #1655, 4.199999999999995737 ) ;
#216 = DIRECTION ( 'NONE',  ( -0.000000000000000000, -1.000000000000000000, -0.000000000000000000 ) ) ;
#217 = ORIENTED_EDGE ( 'NONE', *, *, #1713, .T. ) ;
#218 = CARTESIAN_POINT ( 'NONE',  ( 78.12658773652751165, 7.500000000000006217, -31.25000000000059686 ) ) ;
#219 = EDGE_LOOP ( 'NONE', ( #1937, #852 ) ) ;
#220 = EDGE_CURVE ( 'NONE', #880, #693, #973, .T. ) ;
#221 = AXIS2_PLACEMENT_3D ( 'NONE', #1642, #156, #1299 ) ;
#222 = DIRECTION ( 'NONE',  ( -0.000000000000000000, 1.000000000000000000, -0.000000000000000000 ) ) ;
#223 = AXIS2_PLACEMENT_3D ( 'NONE', #1835, #704, #1331 ) ;
#224 = AXIS2_PLACEMENT_3D ( 'NONE', #405, #1712, #1537 ) ;
#225 = CARTESIAN_POINT ( 'NONE',  ( -30.12658773652755428, -7.500000000000000000, 31.24999999999909051 ) ) ;
#226 = CARTESIAN_POINT ( 'NONE',  ( 119.9999999999999716, -7.500000000000000000, 100.0000000000036522 ) ) ;
#227 = ORIENTED_EDGE ( 'NONE', *, *, #962, .T. ) ;
#228 = AXIS2_PLACEMENT_3D ( 'NONE', #1947, #1263, #1597 ) ;
#229 = AXIS2_PLACEMENT_3D ( 'NONE', #723, #2012, #716 ) ;
#230 = CARTESIAN_POINT ( 'NONE',  ( 78.12658773652751165, -7.500000000000000000, -26.00000000000060751 ) ) ;
#231 = AXIS2_PLACEMENT_3D ( 'NONE', #627, #1270, #125 ) ;
#232 = EDGE_CURVE ( 'NONE', #1552, #1415, #1243, .T. ) ;
#233 = ORIENTED_EDGE ( 'NONE', *, *, #648, .T. ) ;
#234 = LINE ( 'NONE', #1160, #1280 ) ;
#235 = CARTESIAN_POINT ( 'NONE',  ( 99.99999999999997158, 7.500000000000000000, -100.0000000000000000 ) ) ;
#236 = CARTESIAN_POINT ( 'NONE',  ( -99.99999999999997158, 7.500000000000000000, -97.35000000000000853 ) ) ;
#237 = CARTESIAN_POINT ( 'NONE',  ( -104.0000000000000284, 7.500000000000000000, -104.0000000000000000 ) ) ;
#238 = ORIENTED_EDGE ( 'NONE', *, *, #585, .T. ) ;
#239 = EDGE_CURVE ( 'NONE', #1412, #454, #1731, .T. ) ;
#240 = DIRECTION ( 'NONE',  ( 0.000000000000000000, 0.000000000000000000, 1.000000000000000000 ) ) ;
#241 = ORIENTED_EDGE ( 'NONE', *, *, #1872, .F. ) ;
#242 = ORIENTED_EDGE ( 'NONE', *, *, #1132, .T. ) ;
#243 = FACE_BOUND ( 'NONE', #1224, .T. ) ;
#244 = VERTEX_POINT ( 'NONE', #922 ) ;
#245 = DIRECTION ( 'NONE',  ( -0.000000000000000000, 1.000000000000000000, -0.000000000000000000 ) ) ;
#246 = FACE_OUTER_BOUND ( 'NONE', #1065, .T. ) ;
#247 = FACE_OUTER_BOUND ( 'NONE', #179, .T. ) ;
#248 = VERTEX_POINT ( 'NONE', #626 ) ;
#249 = DIRECTION ( 'NONE',  ( 0.000000000000000000, 0.000000000000000000, 1.000000000000000000 ) ) ;
#250 = VERTEX_POINT ( 'NONE', #271 ) ;
#251 = DIRECTION ( 'NONE',  ( -1.000000000000000000, -0.000000000000000000, -0.000000000000000000 ) ) ;
#252 = EDGE_CURVE ( 'NONE', #995, #188, #86, .T. ) ;
#253 = CIRCLE ( 'NONE', #1447, 2.649999999999999467 ) ;
#254 = EDGE_LOOP ( 'NONE', ( #2044, #1362, #1916, #1464 ) ) ;
#255 = LINE ( 'NONE', #1739, #635 ) ;
#256 = ADVANCED_FACE ( 'NONE', ( #1419 ), #1603, .F. ) ;
#257 = DIRECTION ( 'NONE',  ( -0.000000000000000000, -1.000000000000000000, -0.000000000000000000 ) ) ;
#258 = VECTOR ( 'NONE', #290, 1000.000000000000000 ) ;
#259 = DIRECTION ( 'NONE',  ( -0.000000000000000000, 1.000000000000000000, -0.000000000000000000 ) ) ;
#260 = ORIENTED_EDGE ( 'NONE', *, *, #637, .F. ) ;
#261 = AXIS2_PLACEMENT_3D ( 'NONE', #1025, #1176, #1190 ) ;
#262 = LINE ( 'NONE', #742, #95 ) ;
#263 = VECTOR ( 'NONE', #1056, 1000.000000000000000 ) ;
#264 = ORIENTED_EDGE ( 'NONE', *, *, #1675, .T. ) ;
#265 = MANIFOLD_SOLID_BREP ( 'M5 Clearance Hole2', #500 ) ;
#266 = AXIS2_PLACEMENT_3D ( 'NONE', #2093, #1776, #281 ) ;
#267 = EDGE_LOOP ( 'NONE', ( #727, #1054, #381, #459 ) ) ;
#268 = FACE_BOUND ( 'NONE', #1618, .T. ) ;
#269 = VERTEX_POINT ( 'NONE', #1625 ) ;
#270 = CARTESIAN_POINT ( 'NONE',  ( 73.99999999999988631, -7.500000000000006217, -5.249999999994512834 ) ) ;
#271 = CARTESIAN_POINT ( 'NONE',  ( 61.25526489649799800, 7.500000000000000000, -124.1999999999988091 ) ) ;
#272 = CYLINDRICAL_SURFACE ( 'NONE', #1353, 46.00000000000000000 ) ;
#273 = ORIENTED_EDGE ( 'NONE', *, *, #648, .F. ) ;
#274 = CARTESIAN_POINT ( 'NONE',  ( -99.99999999999997158, 7.500000000000000000, -100.0000000000000000 ) ) ;
#275 = EDGE_CURVE ( 'NONE', #471, #1490, #1343, .T. ) ;
#276 = ORIENTED_EDGE ( 'NONE', *, *, #1271, .T. ) ;
#277 = PLANE ( 'NONE',  #867 ) ;
#278 = ORIENTED_EDGE ( 'NONE', *, *, #1129, .F. ) ;
#279 = DIRECTION ( 'NONE',  ( -0.000000000000000000, 1.000000000000000000, -0.000000000000000000 ) ) ;
#280 = DIRECTION ( 'NONE',  ( 0.000000000000000000, 0.000000000000000000, -1.000000000000000000 ) ) ;
#281 = DIRECTION ( 'NONE',  ( 0.000000000000000000, 0.000000000000000000, 1.000000000000000000 ) ) ;
#282 = VERTEX_POINT ( 'NONE', #829 ) ;
#283 = FACE_OUTER_BOUND ( 'NONE', #1265, .T. ) ;
#284 = EDGE_CURVE ( 'NONE', #1232, #1119, #797, .T. ) ;
#285 = ORIENTED_EDGE ( 'NONE', *, *, #1210, .T. ) ;
#286 = FACE_OUTER_BOUND ( 'NONE', #254, .T. ) ;
#287 = CYLINDRICAL_SURFACE ( 'NONE', #977, 4.199999999999995737 ) ;
#288 = ORIENTED_EDGE ( 'NONE', *, *, #121, .T. ) ;
#289 = ADVANCED_FACE ( 'NONE', ( #646 ), #168, .F. ) ;
#290 = DIRECTION ( 'NONE',  ( -0.000000000000000000, -1.000000000000000000, -0.000000000000000000 ) ) ;
#291 = FILL_AREA_STYLE ('',( #1748 ) ) ;
#292 = DIRECTION ( 'NONE',  ( -0.000000000000000000, -1.000000000000000000, -0.000000000000000000 ) ) ;
#293 = ORIENTED_EDGE ( 'NONE', *, *, #1347, .F. ) ;
#294 = CIRCLE ( 'NONE', #1893, 5.249999999999893419 ) ;
#295 = EDGE_CURVE ( 'NONE', #1156, #555, #534, .T. ) ;
#296 = DIRECTION ( 'NONE',  ( -0.000000000000000000, 1.000000000000000000, -0.000000000000000000 ) ) ;
#297 = VERTEX_POINT ( 'NONE', #480 ) ;
#298 = AXIS2_PLACEMENT_3D ( 'NONE', #1072, #1106, #1062 ) ;
#299 = CIRCLE ( 'NONE', #1860, 5.249999999999893419 ) ;
#300 = ORIENTED_EDGE ( 'NONE', *, *, #1276, .T. ) ;
#301 = LINE ( 'NONE', #653, #1383 ) ;
#302 = CIRCLE ( 'NONE', #2089, 2.649999999999999467 ) ;
#303 = ORIENTED_EDGE ( 'NONE', *, *, #1513, .T. ) ;
#304 = AXIS2_PLACEMENT_3D ( 'NONE', #1441, #758, #1432 ) ;
#305 = AXIS2_PLACEMENT_3D ( 'NONE', #814, #1462, #663 ) ;
#306 = FACE_BOUND ( 'NONE', #703, .T. ) ;
#307 = CARTESIAN_POINT ( 'NONE',  ( -104.0000000000000284, -7.500000000000000000, -104.0000000000000000 ) ) ;
#308 = ORIENTED_EDGE ( 'NONE', *, *, #921, .T. ) ;
#309 = LINE ( 'NONE', #1284, #1486 ) ;
#310 = ORIENTED_EDGE ( 'NONE', *, *, #550, .T. ) ;
#311 = EDGE_LOOP ( 'NONE', ( #1649, #517 ) ) ;
#312 = CARTESIAN_POINT ( 'NONE',  ( 119.9999999999999716, 7.500000000000007105, -99.99999999999636202 ) ) ;
#313 = EDGE_LOOP ( 'NONE', ( #260, #1475, #502, #1721 ) ) ;
#314 = DIRECTION ( 'NONE',  ( 0.000000000000000000, 0.000000000000000000, -1.000000000000000000 ) ) ;
#315 = ORIENTED_EDGE ( 'NONE', *, *, #756, .T. ) ;
#316 = EDGE_CURVE ( 'NONE', #1345, #1611, #294, .T. ) ;
#317 = CARTESIAN_POINT ( 'NONE',  ( -99.99999999999997158, 7.500000000000000000, 97.35000000000000853 ) ) ;
#318 = ORIENTED_EDGE ( 'NONE', *, *, #239, .T. ) ;
#319 = DIRECTION ( 'NONE',  ( -0.000000000000000000, -1.000000000000000000, -0.000000000000000000 ) ) ;
#320 = LINE ( 'NONE', #1620, #1349 ) ;
#321 = ORIENTED_EDGE ( 'NONE', *, *, #424, .F. ) ;
#322 = EDGE_CURVE ( 'NONE', #1010, #1381, #323, .T. ) ;
#323 = LINE ( 'NONE', #662, #1587 ) ;
#324 = DIRECTION ( 'NONE',  ( -0.000000000000000000, 1.000000000000000000, -0.000000000000000000 ) ) ;
#325 = CIRCLE ( 'NONE', #1899, 4.199999999999995737 ) ;
#326 = DIRECTION ( 'NONE',  ( 0.000000000000000000, 0.000000000000000000, -1.000000000000000000 ) ) ;
#327 = VERTEX_POINT ( 'NONE', #813 ) ;
#328 = AXIS2_PLACEMENT_3D ( 'NONE', #954, #1904, #140 ) ;
#329 = EDGE_LOOP ( 'NONE', ( #504, #545, #1933, #482, #1633, #816, #1396, #18 ) ) ;
#330 = DIRECTION ( 'NONE',  ( 0.000000000000000000, 0.000000000000000000, 1.000000000000000000 ) ) ;
#331 = CIRCLE ( 'NONE', #1311, 5.249999999999893419 ) ;
#332 = CIRCLE ( 'NONE', #537, 5.249999999999991118 ) ;
#333 = VERTEX_POINT ( 'NONE', #519 ) ;
#334 = AXIS2_PLACEMENT_3D ( 'NONE', #1254, #1272, #933 ) ;
#335 = AXIS2_PLACEMENT_3D ( 'NONE', #397, #89, #1029 ) ;
#336 = CYLINDRICAL_SURFACE ( 'NONE', #1414, 3.400000000000000355 ) ;
#337 = DIRECTION ( 'NONE',  ( -0.000000000000000000, -1.000000000000000000, -0.000000000000000000 ) ) ;
#338 = AXIS2_PLACEMENT_3D ( 'NONE', #1171, #1323, #36 ) ;
#339 = EDGE_CURVE ( 'NONE', #1412, #1298, #50, .T. ) ;
#340 = DIRECTION ( 'NONE',  ( 0.000000000000000000, 0.000000000000000000, 1.000000000000000000 ) ) ;
#341 = ORIENTED_EDGE ( 'NONE', *, *, #16, .T. ) ;
#342 = CARTESIAN_POINT ( 'NONE',  ( -108.7447351035018812, -7.500000000000007105, 75.00000000000001421 ) ) ;
#343 = DIRECTION ( 'NONE',  ( -0.000000000000000000, -1.000000000000000000, -0.000000000000000000 ) ) ;
#344 = VERTEX_POINT ( 'NONE', #1122 ) ;
#345 = DIRECTION ( 'NONE',  ( 0.000000000000000000, 0.000000000000000000, 1.000000000000000000 ) ) ;
#346 = DIRECTION ( 'NONE',  ( -0.000000000000000000, 1.000000000000000000, -0.000000000000000000 ) ) ;
#347 = DIRECTION ( 'NONE',  ( 0.000000000000000000, 0.000000000000000000, 1.000000000000000000 ) ) ;
#348 = VERTEX_POINT ( 'NONE', #1 ) ;
#349 = DIRECTION ( 'NONE',  ( 0.000000000000000000, 0.000000000000000000, 1.000000000000000000 ) ) ;
#350 = EDGE_CURVE ( 'NONE', #573, #33, #903, .T. ) ;
#351 = DIRECTION ( 'NONE',  ( 0.000000000000000000, 0.000000000000000000, 1.000000000000000000 ) ) ;
#352 = ORIENTED_EDGE ( 'NONE', *, *, #532, .T. ) ;
#353 = CARTESIAN_POINT ( 'NONE',  ( 119.9999999999999716, 7.500000000000007105, -103.3999999999963535 ) ) ;
#354 = EDGE_CURVE ( 'NONE', #620, #269, #633, .T. ) ;
#355 = DIRECTION ( 'NONE',  ( 0.000000000000000000, 0.000000000000000000, 1.000000000000000000 ) ) ;
#356 = CARTESIAN_POINT ( 'NONE',  ( 99.99999999999997158, -7.500000000000000000, 100.0000000000000000 ) ) ;
#357 = CYLINDRICAL_SURFACE ( 'NONE', #2090, 5.249999999999997335 ) ;
#358 = EDGE_LOOP ( 'NONE', ( #439, #712 ) ) ;
#359 = ADVANCED_FACE ( 'NONE', ( #1952 ), #336, .F. ) ;
#360 = AXIS2_PLACEMENT_3D ( 'NONE', #2011, #571, #1052 ) ;
#361 = CARTESIAN_POINT ( 'NONE',  ( 119.9999999999999716, 7.500000000000007105, -99.99999999999636202 ) ) ;
#362 = CYLINDRICAL_SURFACE ( 'NONE', #1451, 5.249999999999889866 ) ;
#363 =( GEOMETRIC_REPRESENTATION_CONTEXT ( 3 ) GLOBAL_UNCERTAINTY_ASSIGNED_CONTEXT ( ( #688 ) ) GLOBAL_UNIT_ASSIGNED_CONTEXT ( ( #1613, #1292, #971 ) ) REPRESENTATION_CONTEXT ( 'NONE', 'WORKASPACE' ) );
#364 = AXIS2_PLACEMENT_3D ( 'NONE', #1339, #1989, #857 ) ;
#365 = ORIENTED_EDGE ( 'NONE', *, *, #385, .T. ) ;
#366 = LINE ( 'NONE', #353, #21 ) ;
#367 = EDGE_CURVE ( 'NONE', #1010, #2018, #1032, .T. ) ;
#368 = FACE_OUTER_BOUND ( 'NONE', #1573, .T. ) ;
#369 = VECTOR ( 'NONE', #1242, 1000.000000000000000 ) ;
#370 = CARTESIAN_POINT ( 'NONE',  ( 78.12658773652741218, 7.500000000000006217, 31.24999999999916866 ) ) ;
#371 = EDGE_CURVE ( 'NONE', #2099, #1078, #1107, .T. ) ;
#372 = AXIS2_PLACEMENT_3D ( 'NONE', #1483, #1658, #1312 ) ;
#373 = DIRECTION ( 'NONE',  ( 0.000000000000000000, 0.000000000000000000, -1.000000000000000000 ) ) ;
#374 = VECTOR ( 'NONE', #2022, 1000.000000000000000 ) ;
#375 = ORIENTED_EDGE ( 'NONE', *, *, #642, .F. ) ;
#376 = CIRCLE ( 'NONE', #1423, 2.649999999999999467 ) ;
#377 = DIRECTION ( 'NONE',  ( -0.000000000000000000, 1.000000000000000000, -0.000000000000000000 ) ) ;
#378 = VERTEX_POINT ( 'NONE', #1653 ) ;
#379 = DIRECTION ( 'NONE',  ( -0.000000000000000000, -1.000000000000000000, -0.000000000000000000 ) ) ;
#380 = DIRECTION ( 'NONE',  ( -0.000000000000000000, -1.000000000000000000, -0.000000000000000000 ) ) ;
#381 = ORIENTED_EDGE ( 'NONE', *, *, #1538, .F. ) ;
#382 = DIRECTION ( 'NONE',  ( 0.000000000000000000, 0.000000000000000000, 1.000000000000000000 ) ) ;
#383 = ORIENTED_EDGE ( 'NONE', *, *, #295, .T. ) ;
#384 = CARTESIAN_POINT ( 'NONE',  ( -108.7447351035018812, -7.500000000000007105, 79.20000000000000284 ) ) ;
#385 = EDGE_CURVE ( 'NONE', #880, #1226, #194, .T. ) ;
#386 = CARTESIAN_POINT ( 'NONE',  ( 101.2552648964981046, -7.500000000000007105, 75.00000000000012790 ) ) ;
#387 = CARTESIAN_POINT ( 'NONE',  ( 78.12658773652741218, -7.500000000000000000, 31.24999999999916866 ) ) ;
#388 = ORIENTED_EDGE ( 'NONE', *, *, #1656, .T. ) ;
#389 = DIRECTION ( 'NONE',  ( -0.000000000000000000, 1.000000000000000000, -0.000000000000000000 ) ) ;
#390 = ORIENTED_EDGE ( 'NONE', *, *, #1659, .F. ) ;
#391 = DIRECTION ( 'NONE',  ( 0.000000000000000000, 0.000000000000000000, 1.000000000000000000 ) ) ;
#392 = AXIS2_PLACEMENT_3D ( 'NONE', #342, #1811, #1541 ) ;
#393 = EDGE_CURVE ( 'NONE', #1508, #244, #1170, .T. ) ;
#394 = CARTESIAN_POINT ( 'NONE',  ( 23.99999999999992895, -7.500000000000006217, 49.99999999999926814 ) ) ;
#395 = AXIS2_PLACEMENT_3D ( 'NONE', #1197, #673, #34 ) ;
#396 = CYLINDRICAL_SURFACE ( 'NONE', #799, 4.199999999999995737 ) ;
#397 = CARTESIAN_POINT ( 'NONE',  ( -99.99999999999997158, 7.500000000000000000, -100.0000000000000000 ) ) ;
#398 = ORIENTED_EDGE ( 'NONE', *, *, #562, .F. ) ;
#399 = AXIS2_PLACEMENT_3D ( 'NONE', #2043, #1080, #1734 ) ;
#400 = AXIS2_PLACEMENT_3D ( 'NONE', #586, #1533, #909 ) ;
#401 = DIRECTION ( 'NONE',  ( 0.000000000000000000, -1.000000000000000000, 0.000000000000000000 ) ) ;
#402 = EDGE_LOOP ( 'NONE', ( #390, #83, #310, #115 ) ) ;
#403 = AXIS2_PLACEMENT_3D ( 'NONE', #185, #324, #1495 ) ;
#404 = ORIENTED_EDGE ( 'NONE', *, *, #180, .T. ) ;
#405 = CARTESIAN_POINT ( 'NONE',  ( -104.0000000000000142, 7.500000000000000000, 104.0000000000000284 ) ) ;
#406 = ORIENTED_EDGE ( 'NONE', *, *, #252, .F. ) ;
#407 = EDGE_CURVE ( 'NONE', #1251, #1967, #2002, .T. ) ;
#408 = CARTESIAN_POINT ( 'NONE',  ( 104.0000000000000142, 7.500000000000000000, 104.0000000000000142 ) ) ;
#409 = DIRECTION ( 'NONE',  ( 0.000000000000000000, 0.000000000000000000, 1.000000000000000000 ) ) ;
#410 = CARTESIAN_POINT ( 'NONE',  ( 23.99999999999992895, 7.500000000000007105, 44.74999999999937472 ) ) ;
#411 = EDGE_LOOP ( 'NONE', ( #1057, #582, #1840, #13 ) ) ;
#412 = EDGE_CURVE ( 'NONE', #900, #1842, #1855, .T. ) ;
#413 = CARTESIAN_POINT ( 'NONE',  ( 61.25526489649811168, -7.500000000000007105, 120.0000000000012221 ) ) ;
#414 = ORIENTED_EDGE ( 'NONE', *, *, #1944, .T. ) ;
#415 = FACE_BOUND ( 'NONE', #961, .T. ) ;
#416 = ORIENTED_EDGE ( 'NONE', *, *, #1891, .T. ) ;
#417 = CARTESIAN_POINT ( 'NONE',  ( -68.74473510350190963, 7.500000000000000000, 120.0000000000012221 ) ) ;
#418 = EDGE_CURVE ( 'NONE', #1140, #348, #1756, .T. ) ;
#419 = FACE_BOUND ( 'NONE', #2057, .T. ) ;
#420 = CARTESIAN_POINT ( 'NONE',  ( -68.74473510350190963, 7.500000000000000000, 120.0000000000012221 ) ) ;
#421 = VERTEX_POINT ( 'NONE', #1676 ) ;
#422 = EDGE_CURVE ( 'NONE', #1758, #1769, #1035, .T. ) ;
#423 = DIRECTION ( 'NONE',  ( 0.000000000000000000, 0.000000000000000000, -1.000000000000000000 ) ) ;
#424 = EDGE_CURVE ( 'NONE', #144, #33, #1992, .T. ) ;
#425 = EDGE_LOOP ( 'NONE', ( #792, #241 ) ) ;
#426 = CARTESIAN_POINT ( 'NONE',  ( 61.25526489649799800, -7.500000000000007105, -119.9999999999988063 ) ) ;
#427 = EDGE_CURVE ( 'NONE', #1877, #2023, #64, .T. ) ;
#428 = CIRCLE ( 'NONE', #970, 2.649999999999999467 ) ;
#429 = EDGE_LOOP ( 'NONE', ( #68, #1442 ) ) ;
#430 = CARTESIAN_POINT ( 'NONE',  ( -108.7447351035018812, -7.500000000000007105, -70.79999999999279225 ) ) ;
#431 = AXIS2_PLACEMENT_3D ( 'NONE', #22, #1131, #1307 ) ;
#432 = FACE_BOUND ( 'NONE', #924, .T. ) ;
#433 = VECTOR ( 'NONE', #112, 1000.000000000000000 ) ;
#434 = DIRECTION ( 'NONE',  ( -0.000000000000000000, -1.000000000000000000, -0.000000000000000000 ) ) ;
#435 = VERTEX_POINT ( 'NONE', #1846 ) ;
#436 = CIRCLE ( 'NONE', #1073, 4.200000000000009059 ) ;
#437 = CARTESIAN_POINT ( 'NONE',  ( -108.7447351035018812, 7.500000000000000000, -74.99999999999279510 ) ) ;
#438 = AXIS2_PLACEMENT_3D ( 'NONE', #1222, #1882, #1066 ) ;
#439 = ORIENTED_EDGE ( 'NONE', *, *, #1641, .F. ) ;
#440 = VECTOR ( 'NONE', #1123, 1000.000000000000000 ) ;
#441 = EDGE_LOOP ( 'NONE', ( #979, #406, #1948, #264 ) ) ;
#442 = CARTESIAN_POINT ( 'NONE',  ( 0.000000000000000000, -7.500000000000000000, 0.000000000000000000 ) ) ;
#443 = CIRCLE ( 'NONE', #678, 2.649999999999999467 ) ;
#444 = ORIENTED_EDGE ( 'NONE', *, *, #1104, .T. ) ;
#445 = ADVANCED_FACE ( 'NONE', ( #368 ), #215, .F. ) ;
#446 = DIRECTION ( 'NONE',  ( 0.000000000000000000, 0.000000000000000000, 1.000000000000000000 ) ) ;
#447 = DIRECTION ( 'NONE',  ( -0.000000000000000000, -1.000000000000000000, -0.000000000000000000 ) ) ;
#448 = CYLINDRICAL_SURFACE ( 'NONE', #304, 2.649999999999999467 ) ;
#449 = EDGE_LOOP ( 'NONE', ( #1071, #318, #795, #616 ) ) ;
#450 = FACE_OUTER_BOUND ( 'NONE', #1404, .T. ) ;
#451 = VERTEX_POINT ( 'NONE', #883 ) ;
#452 = ORIENTED_EDGE ( 'NONE', *, *, #1198, .T. ) ;
#453 = FACE_BOUND ( 'NONE', #1189, .T. ) ;
#454 = VERTEX_POINT ( 'NONE', #1867 ) ;
#455 = DIRECTION ( 'NONE',  ( 0.000000000000000000, 0.000000000000000000, 1.000000000000000000 ) ) ;
#456 = EDGE_CURVE ( 'NONE', #2015, #769, #469, .T. ) ;
#457 = CARTESIAN_POINT ( 'NONE',  ( -104.0000000000000142, 7.500000000000000000, 150.0000000000000284 ) ) ;
#458 = DIRECTION ( 'NONE',  ( 0.000000000000000000, 0.000000000000000000, 1.000000000000000000 ) ) ;
#459 = ORIENTED_EDGE ( 'NONE', *, *, #1357, .T. ) ;
#460 = CARTESIAN_POINT ( 'NONE',  ( 99.99999999999997158, -7.500000000000000000, 100.0000000000000000 ) ) ;
#461 = VERTEX_POINT ( 'NONE', #1825 ) ;
#462 = VERTEX_POINT ( 'NONE', #1013 ) ;
#463 = DIRECTION ( 'NONE',  ( 0.000000000000000000, 0.000000000000000000, -1.000000000000000000 ) ) ;
#464 = EDGE_LOOP ( 'NONE', ( #122, #119, #1549, #638 ) ) ;
#465 = CARTESIAN_POINT ( 'NONE',  ( -68.74473510350190963, -7.500000000000007105, -124.1999999999987949 ) ) ;
#466 = FACE_BOUND ( 'NONE', #1978, .T. ) ;
#467 = ADVANCED_FACE ( 'NONE', ( #1837 ), #695, .F. ) ;
#468 = LINE ( 'NONE', #798, #1800 ) ;
#469 = CIRCLE ( 'NONE', #88, 4.199999999999995737 ) ;
#470 = DIRECTION ( 'NONE',  ( 0.000000000000000000, 0.000000000000000000, 1.000000000000000000 ) ) ;
#471 = VERTEX_POINT ( 'NONE', #42 ) ;
#472 = CIRCLE ( 'NONE', #1932, 2.649999999999999467 ) ;
#473 = VERTEX_POINT ( 'NONE', #1696 ) ;
#474 = DIRECTION ( 'NONE',  ( -0.000000000000000000, 1.000000000000000000, -0.000000000000000000 ) ) ;
#475 = CIRCLE ( 'NONE', #228, 5.249999999999893419 ) ;
#476 = ADVANCED_FACE ( 'NONE', ( #1028 ), #714, .F. ) ;
#477 = ORIENTED_EDGE ( 'NONE', *, *, #412, .F. ) ;
#478 = AXIS2_PLACEMENT_3D ( 'NONE', #1324, #1799, #373 ) ;
#479 = ADVANCED_FACE ( 'NONE', ( #1668 ), #1682, .F. ) ;
#480 = CARTESIAN_POINT ( 'NONE',  ( 150.0000000000000284, 7.500000000000000000, 104.0000000000000142 ) ) ;
#481 = DIRECTION ( 'NONE',  ( 0.000000000000000000, 0.000000000000000000, -1.000000000000000000 ) ) ;
#482 = ORIENTED_EDGE ( 'NONE', *, *, #574, .T. ) ;
#483 = EDGE_CURVE ( 'NONE', #1226, #451, #54, .T. ) ;
#484 = DIRECTION ( 'NONE',  ( -0.000000000000000000, 1.000000000000000000, -0.000000000000000000 ) ) ;
#485 = ORIENTED_EDGE ( 'NONE', *, *, #984, .F. ) ;
#486 = EDGE_CURVE ( 'NONE', #1004, #1758, #869, .T. ) ;
#487 = ORIENTED_EDGE ( 'NONE', *, *, #1675, .F. ) ;
#488 = CARTESIAN_POINT ( 'NONE',  ( 150.0000000000000284, -7.500000000000000000, 104.0000000000000142 ) ) ;
#489 = EDGE_LOOP ( 'NONE', ( #1718, #778, #1026, #1267 ) ) ;
#490 = EDGE_CURVE ( 'NONE', #1902, #297, #1793, .T. ) ;
#491 = DIRECTION ( 'NONE',  ( 0.000000000000000000, 1.000000000000000000, 0.000000000000000000 ) ) ;
#492 = CARTESIAN_POINT ( 'NONE',  ( 61.25526489649811168, -7.500000000000007105, 124.2000000000012250 ) ) ;
#493 = EDGE_LOOP ( 'NONE', ( #81, #175 ) ) ;
#494 = ORIENTED_EDGE ( 'NONE', *, *, #574, .F. ) ;
#495 = DIRECTION ( 'NONE',  ( 0.000000000000000000, 0.000000000000000000, -1.000000000000000000 ) ) ;
#496 = ORIENTED_EDGE ( 'NONE', *, *, #275, .T. ) ;
#497 = EDGE_CURVE ( 'NONE', #212, #1384, #1207, .T. ) ;
#498 = DIRECTION ( 'NONE',  ( -0.000000000000000000, 1.000000000000000000, -0.000000000000000000 ) ) ;
#499 = DIRECTION ( 'NONE',  ( -0.000000000000000000, -1.000000000000000000, -0.000000000000000000 ) ) ;
#500 = CLOSED_SHELL ( 'NONE', ( #1220, #479, #1470, #916, #110, #1326, #1043, #1883, #2092, #957, #467, #877, #783, #1568, #155, #720, #1051, #879, #1401, #1510, #1141, #5, #999, #1439, #207, #901, #20, #1589, #102, #116, #725, #1599, #2103, #1387, #1761, #1428, #853, #843, #1528, #359, #1556, #1000, #1683, #1101, #289, #256, #614, #445, #1576, #993, #1499, #204, #1595, #1924, #476, #1794, #1366, #1878 ) ) ;
#501 = CARTESIAN_POINT ( 'NONE',  ( 119.9999999999999716, 7.500000000000007105, -99.99999999999636202 ) ) ;
#502 = ORIENTED_EDGE ( 'NONE', *, *, #800, .T. ) ;
#503 = AXIS2_PLACEMENT_3D ( 'NONE', #1075, #757, #1063 ) ;
#504 = ORIENTED_EDGE ( 'NONE', *, *, #551, .F. ) ;
#505 = DIRECTION ( 'NONE',  ( -0.000000000000000000, 1.000000000000000000, -0.000000000000000000 ) ) ;
#506 = VECTOR ( 'NONE', #1728, 1000.000000000000000 ) ;
#507 = CIRCLE ( 'NONE', #1897, 5.249999999999997335 ) ;
#508 = ORIENTED_EDGE ( 'NONE', *, *, #1845, .F. ) ;
#509 = AXIS2_PLACEMENT_3D ( 'NONE', #1392, #1205, #878 ) ;
#510 = AXIS2_PLACEMENT_3D ( 'NONE', #226, #874, #768 ) ;
#511 = SURFACE_SIDE_STYLE ('',( #1269 ) ) ;
#512 = CARTESIAN_POINT ( 'NONE',  ( 99.99999999999997158, 7.500000000000000000, 97.35000000000000853 ) ) ;
#513 = DIRECTION ( 'NONE',  ( -0.000000000000000000, -1.000000000000000000, -0.000000000000000000 ) ) ;
#514 = ORIENTED_EDGE ( 'NONE', *, *, #1646, .T. ) ;
#515 = CARTESIAN_POINT ( 'NONE',  ( 119.9999999999999716, 7.500000000000007105, 103.4000000000036579 ) ) ;
#516 = CARTESIAN_POINT ( 'NONE',  ( -120.0000000000000284, 7.500000000000007105, -99.99999999999636202 ) ) ;
#517 = ORIENTED_EDGE ( 'NONE', *, *, #1098, .T. ) ;
#518 = CYLINDRICAL_SURFACE ( 'NONE', #395, 5.249999999999893419 ) ;
#519 = CARTESIAN_POINT ( 'NONE',  ( -120.0000000000000284, -7.500000000000000000, 103.4000000000036579 ) ) ;
#520 = CARTESIAN_POINT ( 'NONE',  ( 99.99999999999997158, -7.500000000000000000, 102.6500000000000057 ) ) ;
#521 = CARTESIAN_POINT ( 'NONE',  ( -150.0000000000000284, 7.500000000000000000, -150.0000000000000000 ) ) ;
#522 = ORIENTED_EDGE ( 'NONE', *, *, #1118, .T. ) ;
#523 = CARTESIAN_POINT ( 'NONE',  ( 61.25526489649799800, -7.500000000000007105, -124.1999999999988091 ) ) ;
#524 = DIRECTION ( 'NONE',  ( -0.000000000000000000, -1.000000000000000000, -0.000000000000000000 ) ) ;
#525 = EDGE_LOOP ( 'NONE', ( #732, #352, #2042, #988 ) ) ;
#526 = CARTESIAN_POINT ( 'NONE',  ( 61.25526489649799800, -7.500000000000007105, -119.9999999999988063 ) ) ;
#527 = DIRECTION ( 'NONE',  ( -0.000000000000000000, 1.000000000000000000, -0.000000000000000000 ) ) ;
#528 = DIRECTION ( 'NONE',  ( -0.000000000000000000, 1.000000000000000000, -0.000000000000000000 ) ) ;
#529 = CYLINDRICAL_SURFACE ( 'NONE', #167, 5.249999999999893419 ) ;
#530 = ORIENTED_EDGE ( 'NONE', *, *, #1258, .F. ) ;
#531 = VECTOR ( 'NONE', #1006, 1000.000000000000000 ) ;
#532 = EDGE_CURVE ( 'NONE', #2015, #165, #137, .T. ) ;
#533 = DIRECTION ( 'NONE',  ( 0.000000000000000000, 0.000000000000000000, 1.000000000000000000 ) ) ;
#534 = CIRCLE ( 'NONE', #1005, 5.249999999999893419 ) ;
#535 = AXIS2_PLACEMENT_3D ( 'NONE', #893, #1540, #1407 ) ;
#536 = ORIENTED_EDGE ( 'NONE', *, *, #1604, .F. ) ;
#537 = AXIS2_PLACEMENT_3D ( 'NONE', #218, #377, #382 ) ;
#538 = CARTESIAN_POINT ( 'NONE',  ( 149.9999999999999716, 7.500000000000000000, -104.0000000000000142 ) ) ;
#539 = CIRCLE ( 'NONE', #509, 46.00000000000001421 ) ;
#540 = DIRECTION ( 'NONE',  ( 0.000000000000000000, 0.000000000000000000, 1.000000000000000000 ) ) ;
#541 = EDGE_CURVE ( 'NONE', #1465, #1240, #331, .T. ) ;
#542 = AXIS2_PLACEMENT_3D ( 'NONE', #931, #1261, #314 ) ;
#543 = DIRECTION ( 'NONE',  ( -0.000000000000000000, -1.000000000000000000, -0.000000000000000000 ) ) ;
#544 = AXIS2_PLACEMENT_3D ( 'NONE', #1923, #1936, #149 ) ;
#545 = ORIENTED_EDGE ( 'NONE', *, *, #1845, .T. ) ;
#546 = CARTESIAN_POINT ( 'NONE',  ( 101.2552648964981046, -7.500000000000007105, 75.00000000000012790 ) ) ;
#547 = ORIENTED_EDGE ( 'NONE', *, *, #744, .T. ) ;
#548 = FACE_OUTER_BOUND ( 'NONE', #1906, .T. ) ;
#549 = CARTESIAN_POINT ( 'NONE',  ( -99.99999999999997158, 7.500000000000000000, 100.0000000000000000 ) ) ;
#550 = EDGE_CURVE ( 'NONE', #910, #1410, #1516, .T. ) ;
#551 = EDGE_CURVE ( 'NONE', #248, #847, #85, .T. ) ;
#552 = CARTESIAN_POINT ( 'NONE',  ( -68.74473510350190963, -7.500000000000007105, 124.2000000000012108 ) ) ;
#553 = EDGE_LOOP ( 'NONE', ( #1068, #991, #610, #1302 ) ) ;
#554 = CARTESIAN_POINT ( 'NONE',  ( 73.99999999999988631, -7.500000000000006217, 5.250000000005274892 ) ) ;
#555 = VERTEX_POINT ( 'NONE', #270 ) ;
#556 = CARTESIAN_POINT ( 'NONE',  ( 23.99999999999990408, -7.500000000000006217, -49.99999999999474198 ) ) ;
#557 = DIRECTION ( 'NONE',  ( 0.000000000000000000, 0.000000000000000000, -1.000000000000000000 ) ) ;
#558 = CARTESIAN_POINT ( 'NONE',  ( 99.99999999999997158, 7.500000000000000000, -97.35000000000000853 ) ) ;
#559 = CARTESIAN_POINT ( 'NONE',  ( -150.0000000000000000, 7.500000000000000000, 104.0000000000000142 ) ) ;
#560 = ORIENTED_EDGE ( 'NONE', *, *, #367, .F. ) ;
#561 = DIRECTION ( 'NONE',  ( 0.000000000000000000, 0.000000000000000000, 1.000000000000000000 ) ) ;
#562 = EDGE_CURVE ( 'NONE', #1298, #1412, #1757, .T. ) ;
#563 = ORIENTED_EDGE ( 'NONE', *, *, #284, .T. ) ;
#564 = FACE_BOUND ( 'NONE', #1819, .T. ) ;
#565 = AXIS2_PLACEMENT_3D ( 'NONE', #1795, #1468, #9 ) ;
#566 = ORIENTED_EDGE ( 'NONE', *, *, #1901, .T. ) ;
#567 = DIRECTION ( 'NONE',  ( 0.000000000000000000, 0.000000000000000000, 1.000000000000000000 ) ) ;
#568 = CIRCLE ( 'NONE', #1588, 4.199999999999995737 ) ;
#569 = EDGE_CURVE ( 'NONE', #333, #144, #942, .T. ) ;
#570 = VECTOR ( 'NONE', #15, 1000.000000000000000 ) ;
#571 = DIRECTION ( 'NONE',  ( 1.000000000000000000, 0.000000000000000000, -9.251858538542971581E-17 ) ) ;
#572 = DIRECTION ( 'NONE',  ( 0.000000000000000000, -1.000000000000000000, 0.000000000000000000 ) ) ;
#573 = VERTEX_POINT ( 'NONE', #1430 ) ;
#574 = EDGE_CURVE ( 'NONE', #1370, #1758, #2054, .T. ) ;
#575 = CIRCLE ( 'NONE', #98, 4.199999999999995737 ) ;
#576 = FACE_OUTER_BOUND ( 'NONE', #1174, .T. ) ;
#577 = EDGE_LOOP ( 'NONE', ( #1191, #2005 ) ) ;
#578 = EDGE_CURVE ( 'NONE', #173, #1735, #864, .T. ) ;
#579 = AXIS2_PLACEMENT_3D ( 'NONE', #986, #1037, #734 ) ;
#580 = ORIENTED_EDGE ( 'NONE', *, *, #418, .T. ) ;
#581 = FACE_OUTER_BOUND ( 'NONE', #1406, .T. ) ;
#582 = ORIENTED_EDGE ( 'NONE', *, *, #1991, .T. ) ;
#583 = CARTESIAN_POINT ( 'NONE',  ( -104.0000000000000284, -7.500000000000000000, -150.0000000000000000 ) ) ;
#584 = CARTESIAN_POINT ( 'NONE',  ( -108.7447351035018812, -7.500000000000007105, -74.99999999999279510 ) ) ;
#585 = EDGE_CURVE ( 'NONE', #1637, #462, #1416, .T. ) ;
#586 = CARTESIAN_POINT ( 'NONE',  ( -120.0000000000000284, -7.500000000000000000, -99.99999999999636202 ) ) ;
#587 = EDGE_LOOP ( 'NONE', ( #1241, #1598 ) ) ;
#588 = LINE ( 'NONE', #717, #263 ) ;
#589 = ORIENTED_EDGE ( 'NONE', *, *, #1770, .T. ) ;
#590 = ORIENTED_EDGE ( 'NONE', *, *, #1200, .F. ) ;
#591 = EDGE_CURVE ( 'NONE', #1619, #1902, #906, .T. ) ;
#592 = LINE ( 'NONE', #1060, #1547 ) ;
#593 = EDGE_LOOP ( 'NONE', ( #888, #105 ) ) ;
#594 = DIRECTION ( 'NONE',  ( 0.000000000000000000, 0.000000000000000000, 1.000000000000000000 ) ) ;
#595 = FACE_BOUND ( 'NONE', #358, .T. ) ;
#596 = CARTESIAN_POINT ( 'NONE',  ( -68.74473510350190963, 7.500000000000000000, 124.2000000000012108 ) ) ;
#597 = ORIENTED_EDGE ( 'NONE', *, *, #551, .T. ) ;
#598 = EDGE_CURVE ( 'NONE', #348, #1384, #1085, .T. ) ;
#599 = DIRECTION ( 'NONE',  ( -0.000000000000000000, 1.000000000000000000, -0.000000000000000000 ) ) ;
#600 = ORIENTED_EDGE ( 'NONE', *, *, #820, .F. ) ;
#601 = ORIENTED_EDGE ( 'NONE', *, *, #859, .F. ) ;
#602 = FACE_BOUND ( 'NONE', #587, .T. ) ;
#603 = ORIENTED_EDGE ( 'NONE', *, *, #2071, .F. ) ;
#604 = CARTESIAN_POINT ( 'NONE',  ( -99.99999999999997158, -7.500000000000000000, -102.6500000000000057 ) ) ;
#605 = DIRECTION ( 'NONE',  ( -0.000000000000000000, -1.000000000000000000, -0.000000000000000000 ) ) ;
#606 = AXIS2_PLACEMENT_3D ( 'NONE', #1903, #2058, #1887 ) ;
#607 = CARTESIAN_POINT ( 'NONE',  ( 101.2552648964981046, -7.500000000000007105, -70.79999999999290594 ) ) ;
#608 = ORIENTED_EDGE ( 'NONE', *, *, #316, .F. ) ;
#609 = AXIS2_PLACEMENT_3D ( 'NONE', #437, #2025, #249 ) ;
#610 = ORIENTED_EDGE ( 'NONE', *, *, #1129, .T. ) ;
#611 = AXIS2_PLACEMENT_3D ( 'NONE', #1344, #513, #347 ) ;
#612 = ORIENTED_EDGE ( 'NONE', *, *, #532, .F. ) ;
#613 = FACE_BOUND ( 'NONE', #219, .T. ) ;
#614 = ADVANCED_FACE ( 'NONE', ( #1715 ), #755, .F. ) ;
#615 = CIRCLE ( 'NONE', #1802, 5.249999999999889866 ) ;
#616 = ORIENTED_EDGE ( 'NONE', *, *, #672, .F. ) ;
#617 = CARTESIAN_POINT ( 'NONE',  ( -26.00000000000015632, 7.500000000000007105, 5.257510070753409350E-12 ) ) ;
#618 = DIRECTION ( 'NONE',  ( -0.000000000000000000, -1.000000000000000000, -0.000000000000000000 ) ) ;
#619 = CARTESIAN_POINT ( 'NONE',  ( 23.99999999999992895, -7.500000000000006217, 44.74999999999937472 ) ) ;
#620 = VERTEX_POINT ( 'NONE', #604 ) ;
#621 = CARTESIAN_POINT ( 'NONE',  ( 78.12658773652751165, -7.500000000000000000, -36.50000000000058975 ) ) ;
#622 = CARTESIAN_POINT ( 'NONE',  ( -108.7447351035018812, -7.500000000000007105, 70.80000000000001137 ) ) ;
#623 = FACE_OUTER_BOUND ( 'NONE', #313, .T. ) ;
#624 = ORIENTED_EDGE ( 'NONE', *, *, #1612, .F. ) ;
#625 = CARTESIAN_POINT ( 'NONE',  ( 103.9999999999999858, -7.500000000000000000, -104.0000000000000000 ) ) ;
#626 = CARTESIAN_POINT ( 'NONE',  ( -150.0000000000000284, -7.500000000000000000, -104.0000000000000000 ) ) ;
#627 = CARTESIAN_POINT ( 'NONE',  ( 23.99999999999990408, 7.500000000000007105, -49.99999999999474198 ) ) ;
#628 = ORIENTED_EDGE ( 'NONE', *, *, #1563, .F. ) ;
#629 = ORIENTED_EDGE ( 'NONE', *, *, #637, .T. ) ;
#630 = FACE_OUTER_BOUND ( 'NONE', #1278, .T. ) ;
#631 = VERTEX_POINT ( 'NONE', #1759 ) ;
#632 = CARTESIAN_POINT ( 'NONE',  ( 119.9999999999999716, 7.500000000000007105, -96.59999999999635634 ) ) ;
#633 = CIRCLE ( 'NONE', #221, 2.649999999999999467 ) ;
#634 = VERTEX_POINT ( 'NONE', #101 ) ;
#635 = VECTOR ( 'NONE', #279, 1000.000000000000000 ) ;
#636 = LINE ( 'NONE', #1090, #947 ) ;
#637 = EDGE_CURVE ( 'NONE', #1313, #1251, #836, .T. ) ;
#638 = ORIENTED_EDGE ( 'NONE', *, *, #1919, .T. ) ;
#639 = CIRCLE ( 'NONE', #1963, 3.400000000000000355 ) ;
#640 = AXIS2_PLACEMENT_3D ( 'NONE', #1998, #990, #1639 ) ;
#641 = DIRECTION ( 'NONE',  ( -0.000000000000000000, 1.000000000000000000, -0.000000000000000000 ) ) ;
#642 = EDGE_CURVE ( 'NONE', #473, #1637, #1961, .T. ) ;
#643 = ORIENTED_EDGE ( 'NONE', *, *, #1783, .T. ) ;
#644 = VECTOR ( 'NONE', #259, 1000.000000000000000 ) ;
#645 = AXIS2_PLACEMENT_3D ( 'NONE', #1133, #1786, #481 ) ;
#646 = FACE_OUTER_BOUND ( 'NONE', #1449, .T. ) ;
#647 = FACE_OUTER_BOUND ( 'NONE', #1030, .T. ) ;
#648 = EDGE_CURVE ( 'NONE', #2018, #1368, #255, .T. ) ;
#649 = CARTESIAN_POINT ( 'NONE',  ( 73.99999999999988631, 7.500000000000007105, -5.249999999994512834 ) ) ;
#650 = VERTEX_POINT ( 'NONE', #583 ) ;
#651 = APPLICATION_CONTEXT ( 'automotive_design' ) ;
#652 = CYLINDRICAL_SURFACE ( 'NONE', #1621, 5.249999999999991118 ) ;
#653 = CARTESIAN_POINT ( 'NONE',  ( -68.74473510350190963, -7.500000000000007105, 115.8000000000012193 ) ) ;
#654 = ORIENTED_EDGE ( 'NONE', *, *, #1395, .F. ) ;
#655 = CARTESIAN_POINT ( 'NONE',  ( -120.0000000000000284, 7.500000000000007105, 100.0000000000036522 ) ) ;
#656 = DIRECTION ( 'NONE',  ( -0.000000000000000000, -1.000000000000000000, -0.000000000000000000 ) ) ;
#657 = CARTESIAN_POINT ( 'NONE',  ( 99.99999999999997158, 7.500000000000000000, -100.0000000000000000 ) ) ;
#658 = ORIENTED_EDGE ( 'NONE', *, *, #59, .T. ) ;
#659 = CARTESIAN_POINT ( 'NONE',  ( 78.12658773652751165, 7.500000000000007105, -31.25000000000059686 ) ) ;
#660 = CYLINDRICAL_SURFACE ( 'NONE', #1211, 5.249999999999997335 ) ;
#661 = VERTEX_POINT ( 'NONE', #733 ) ;
#662 = CARTESIAN_POINT ( 'NONE',  ( 78.12658773652741218, 7.500000000000007105, 25.99999999999917577 ) ) ;
#663 = DIRECTION ( 'NONE',  ( 0.000000000000000000, 0.000000000000000000, 1.000000000000000000 ) ) ;
#664 = CARTESIAN_POINT ( 'NONE',  ( -150.0000000000000284, 7.500000000000000000, -150.0000000000000000 ) ) ;
#665 = VERTEX_POINT ( 'NONE', #1385 ) ;
#666 = VECTOR ( 'NONE', #1332, 1000.000000000000000 ) ;
#667 = CARTESIAN_POINT ( 'NONE',  ( -99.99999999999997158, 7.500000000000000000, -97.35000000000000853 ) ) ;
#668 = CARTESIAN_POINT ( 'NONE',  ( -120.0000000000000284, 7.500000000000007105, -99.99999999999636202 ) ) ;
#669 = VECTOR ( 'NONE', #1567, 1000.000000000000000 ) ;
#670 = CIRCLE ( 'NONE', #2087, 5.249999999999893419 ) ;
#671 = ORIENTED_EDGE ( 'NONE', *, *, #1258, .T. ) ;
#672 = EDGE_CURVE ( 'NONE', #1298, #746, #929, .T. ) ;
#673 = DIRECTION ( 'NONE',  ( -0.000000000000000000, -1.000000000000000000, -0.000000000000000000 ) ) ;
#674 = AXIS2_PLACEMENT_3D ( 'NONE', #1454, #1787, #326 ) ;
#675 = VECTOR ( 'NONE', #572, 1000.000000000000000 ) ;
#676 = CARTESIAN_POINT ( 'NONE',  ( 73.99999999999988631, -7.500000000000006217, 5.381221287031438031E-12 ) ) ;
#677 = DIRECTION ( 'NONE',  ( -0.000000000000000000, 1.000000000000000000, -0.000000000000000000 ) ) ;
#678 = AXIS2_PLACEMENT_3D ( 'NONE', #1993, #528, #540 ) ;
#679 = EDGE_CURVE ( 'NONE', #1508, #1877, #2024, .T. ) ;
#680 = CARTESIAN_POINT ( 'NONE',  ( 73.99999999999988631, -7.500000000000007105, 5.381221287031438031E-12 ) ) ;
#681 = EDGE_LOOP ( 'NONE', ( #1351, #1630 ) ) ;
#682 = FACE_OUTER_BOUND ( 'NONE', #464, .T. ) ;
#683 = DIRECTION ( 'NONE',  ( 0.000000000000000000, 0.000000000000000000, -1.000000000000000000 ) ) ;
#684 = ORIENTED_EDGE ( 'NONE', *, *, #598, .T. ) ;
#685 = FACE_OUTER_BOUND ( 'NONE', #787, .T. ) ;
#686 = CARTESIAN_POINT ( 'NONE',  ( 101.2552648964981046, -7.500000000000007105, -79.19999999999289741 ) ) ;
#687 = DIRECTION ( 'NONE',  ( 0.000000000000000000, 0.000000000000000000, -1.000000000000000000 ) ) ;
#688 = UNCERTAINTY_MEASURE_WITH_UNIT (LENGTH_MEASURE( 1.000000000000000082E-05 ), #1613, 'distance_accuracy_value', 'NONE');
#689 = EDGE_CURVE ( 'NONE', #297, #1769, #747, .T. ) ;
#690 = DIRECTION ( 'NONE',  ( 0.000000000000000000, 0.000000000000000000, 1.000000000000000000 ) ) ;
#691 = ORIENTED_EDGE ( 'NONE', *, *, #339, .T. ) ;
#692 = CYLINDRICAL_SURFACE ( 'NONE', #1661, 5.249999999999991118 ) ;
#693 = VERTEX_POINT ( 'NONE', #2001 ) ;
#694 = CARTESIAN_POINT ( 'NONE',  ( 73.99999999999988631, -7.500000000000007105, -5.249999999994512834 ) ) ;
#695 = CYLINDRICAL_SURFACE ( 'NONE', #1719, 4.199999999999995737 ) ;
#696 = LINE ( 'NONE', #24, #1865 ) ;
#697 = DIRECTION ( 'NONE',  ( -0.000000000000000000, -1.000000000000000000, -0.000000000000000000 ) ) ;
#698 = ORIENTED_EDGE ( 'NONE', *, *, #191, .T. ) ;
#699 = AXIS2_PLACEMENT_3D ( 'NONE', #361, #1647, #349 ) ;
#700 = LINE ( 'NONE', #1980, #1551 ) ;
#701 = VECTOR ( 'NONE', #2010, 1000.000000000000000 ) ;
#702 = CIRCLE ( 'NONE', #974, 5.249999999999893419 ) ;
#703 = EDGE_LOOP ( 'NONE', ( #6, #1393 ) ) ;
#704 = DIRECTION ( 'NONE',  ( -0.000000000000000000, -1.000000000000000000, -0.000000000000000000 ) ) ;
#705 = CIRCLE ( 'NONE', #1652, 46.00000000000000000 ) ;
#706 = DIRECTION ( 'NONE',  ( -0.000000000000000000, -1.000000000000000000, -0.000000000000000000 ) ) ;
#707 = AXIS2_PLACEMENT_3D ( 'NONE', #668, #1316, #1970 ) ;
#708 = CIRCLE ( 'NONE', #1079, 5.249999999999997335 ) ;
#709 = CARTESIAN_POINT ( 'NONE',  ( -99.99999999999997158, 7.500000000000000000, 97.35000000000000853 ) ) ;
#710 = ORIENTED_EDGE ( 'NONE', *, *, #1783, .F. ) ;
#711 = CARTESIAN_POINT ( 'NONE',  ( -26.00000000000015632, -7.500000000000007105, 5.257510070753409350E-12 ) ) ;
#712 = ORIENTED_EDGE ( 'NONE', *, *, #1210, .F. ) ;
#713 = LINE ( 'NONE', #1011, #1722 ) ;
#714 = CYLINDRICAL_SURFACE ( 'NONE', #1175, 2.649999999999999467 ) ;
#715 = CARTESIAN_POINT ( 'NONE',  ( -108.7447351035018812, -7.500000000000007105, -70.79999999999279225 ) ) ;
#716 = DIRECTION ( 'NONE',  ( 0.000000000000000000, 0.000000000000000000, -1.000000000000000000 ) ) ;
#717 = CARTESIAN_POINT ( 'NONE',  ( 99.99999999999997158, 7.500000000000000000, -97.35000000000000853 ) ) ;
#718 = EDGE_LOOP ( 'NONE', ( #1789, #276, #1082, #485 ) ) ;
#719 = DIRECTION ( 'NONE',  ( -0.000000000000000000, -1.000000000000000000, -0.000000000000000000 ) ) ;
#720 = ADVANCED_FACE ( 'NONE', ( #548 ), #1844, .F. ) ;
#721 = DIRECTION ( 'NONE',  ( -0.000000000000000000, -1.000000000000000000, -0.000000000000000000 ) ) ;
#722 = FACE_OUTER_BOUND ( 'NONE', #1330, .T. ) ;
#723 = CARTESIAN_POINT ( 'NONE',  ( -108.7447351035018812, -7.500000000000007105, -74.99999999999279510 ) ) ;
#724 = ORIENTED_EDGE ( 'NONE', *, *, #578, .F. ) ;
#725 = ADVANCED_FACE ( 'NONE', ( #866 ), #19, .F. ) ;
#726 = CARTESIAN_POINT ( 'NONE',  ( 119.9999999999999716, 7.500000000000007105, -96.59999999999635634 ) ) ;
#727 = ORIENTED_EDGE ( 'NONE', *, *, #855, .T. ) ;
#728 = EDGE_LOOP ( 'NONE', ( #1456, #1640 ) ) ;
#729 = CYLINDRICAL_SURFACE ( 'NONE', #1548, 4.200000000000009059 ) ;
#730 = CIRCLE ( 'NONE', #1684, 3.400000000000000355 ) ;
#731 = EDGE_CURVE ( 'NONE', #1067, #631, #713, .T. ) ;
#732 = ORIENTED_EDGE ( 'NONE', *, *, #456, .F. ) ;
#733 = CARTESIAN_POINT ( 'NONE',  ( 119.9999999999999716, 7.500000000000007105, 103.4000000000036579 ) ) ;
#734 = DIRECTION ( 'NONE',  ( 0.000000000000000000, 0.000000000000000000, 1.000000000000000000 ) ) ;
#735 = AXIS2_PLACEMENT_3D ( 'NONE', #617, #2047, #1246 ) ;
#736 = EDGE_CURVE ( 'NONE', #1415, #832, #366, .T. ) ;
#737 = AXIS2_PLACEMENT_3D ( 'NONE', #1289, #1128, #1782 ) ;
#738 = DIRECTION ( 'NONE',  ( -0.000000000000000000, -1.000000000000000000, -0.000000000000000000 ) ) ;
#739 = DIRECTION ( 'NONE',  ( 0.000000000000000000, 0.000000000000000000, -1.000000000000000000 ) ) ;
#740 = ORIENTED_EDGE ( 'NONE', *, *, #1421, .F. ) ;
#741 = CIRCLE ( 'NONE', #611, 46.00000000000000000 ) ;
#742 = CARTESIAN_POINT ( 'NONE',  ( 23.99999999999992895, -7.500000000000007105, 55.24999999999916156 ) ) ;
#743 = ORIENTED_EDGE ( 'NONE', *, *, #51, .T. ) ;
#744 = EDGE_CURVE ( 'NONE', #33, #573, #1380, .T. ) ;
#745 = FACE_BOUND ( 'NONE', #681, .T. ) ;
#746 = VERTEX_POINT ( 'NONE', #1352 ) ;
#747 = LINE ( 'NONE', #2039, #1109 ) ;
#748 = DIRECTION ( 'NONE',  ( 0.000000000000000000, 0.000000000000000000, 1.000000000000000000 ) ) ;
#749 = LINE ( 'NONE', #552, #374 ) ;
#750 = VERTEX_POINT ( 'NONE', #2008 ) ;
#751 = DIRECTION ( 'NONE',  ( 0.000000000000000000, 0.000000000000000000, -1.000000000000000000 ) ) ;
#752 = ORIENTED_EDGE ( 'NONE', *, *, #284, .F. ) ;
#753 = FACE_BOUND ( 'NONE', #1045, .T. ) ;
#754 = VERTEX_POINT ( 'NONE', #384 ) ;
#755 = CYLINDRICAL_SURFACE ( 'NONE', #298, 4.200000000000009059 ) ;
#756 = EDGE_CURVE ( 'NONE', #1465, #555, #1973, .T. ) ;
#757 = DIRECTION ( 'NONE',  ( -0.000000000000000000, -1.000000000000000000, -0.000000000000000000 ) ) ;
#758 = DIRECTION ( 'NONE',  ( -0.000000000000000000, 1.000000000000000000, -0.000000000000000000 ) ) ;
#759 = ORIENTED_EDGE ( 'NONE', *, *, #1477, .T. ) ;
#760 = DIRECTION ( 'NONE',  ( -0.000000000000000000, 1.000000000000000000, -0.000000000000000000 ) ) ;
#761 = EDGE_LOOP ( 'NONE', ( #536, #1338, #671, #303 ) ) ;
#762 = ORIENTED_EDGE ( 'NONE', *, *, #186, .T. ) ;
#763 = DIRECTION ( 'NONE',  ( 0.000000000000000000, 0.000000000000000000, 1.000000000000000000 ) ) ;
#764 = ORIENTED_EDGE ( 'NONE', *, *, #1513, .F. ) ;
#765 = DIRECTION ( 'NONE',  ( -0.000000000000000000, -1.000000000000000000, -0.000000000000000000 ) ) ;
#766 = AXIS2_PLACEMENT_3D ( 'NONE', #1096, #491, #2091 ) ;
#767 = AXIS2_PLACEMENT_3D ( 'NONE', #625, #1268, #1921 ) ;
#768 = DIRECTION ( 'NONE',  ( 0.000000000000000000, 0.000000000000000000, 1.000000000000000000 ) ) ;
#769 = VERTEX_POINT ( 'NONE', #1027 ) ;
#770 = AXIS2_PLACEMENT_3D ( 'NONE', #1703, #1405, #763 ) ;
#771 = CYLINDRICAL_SURFACE ( 'NONE', #1519, 3.400000000000000355 ) ;
#772 = CIRCLE ( 'NONE', #1628, 4.199999999999995737 ) ;
#773 = ORIENTED_EDGE ( 'NONE', *, *, #367, .T. ) ;
#774 = EDGE_CURVE ( 'NONE', #1046, #1024, #702, .T. ) ;
#775 = AXIS2_PLACEMENT_3D ( 'NONE', #955, #943, #458 ) ;
#776 = ORIENTED_EDGE ( 'NONE', *, *, #427, .T. ) ;
#777 = DIRECTION ( 'NONE',  ( 0.000000000000000000, 0.000000000000000000, 1.000000000000000000 ) ) ;
#778 = ORIENTED_EDGE ( 'NONE', *, *, #1656, .F. ) ;
#779 = CARTESIAN_POINT ( 'NONE',  ( -120.0000000000000284, -7.500000000000000000, 100.0000000000036522 ) ) ;
#780 = DIRECTION ( 'NONE',  ( 0.000000000000000000, -1.000000000000000000, 0.000000000000000000 ) ) ;
#781 = CARTESIAN_POINT ( 'NONE',  ( 99.99999999999997158, -7.500000000000000000, -100.0000000000000000 ) ) ;
#782 = EDGE_LOOP ( 'NONE', ( #1645, #1898 ) ) ;
#783 = ADVANCED_FACE ( 'NONE', ( #685 ), #518, .F. ) ;
#784 = ORIENTED_EDGE ( 'NONE', *, *, #1491, .F. ) ;
#785 = DIRECTION ( 'NONE',  ( 0.000000000000000000, 0.000000000000000000, 1.000000000000000000 ) ) ;
#786 = DIRECTION ( 'NONE',  ( 0.000000000000000000, 0.000000000000000000, 1.000000000000000000 ) ) ;
#787 = EDGE_LOOP ( 'NONE', ( #608, #1544, #886, #278 ) ) ;
#788 = FACE_BOUND ( 'NONE', #1736, .T. ) ;
#789 = CYLINDRICAL_SURFACE ( 'NONE', #266, 2.649999999999999467 ) ;
#790 = ORIENTED_EDGE ( 'NONE', *, *, #1055, .F. ) ;
#791 = CYLINDRICAL_SURFACE ( 'NONE', #135, 2.649999999999999467 ) ;
#792 = ORIENTED_EDGE ( 'NONE', *, *, #483, .F. ) ;
#793 = CARTESIAN_POINT ( 'NONE',  ( -120.0000000000000284, -7.500000000000000000, 100.0000000000036522 ) ) ;
#794 = CARTESIAN_POINT ( 'NONE',  ( 78.12658773652741218, -7.500000000000000000, 25.99999999999917577 ) ) ;
#795 = ORIENTED_EDGE ( 'NONE', *, *, #1976, .T. ) ;
#796 = CIRCLE ( 'NONE', #699, 3.400000000000000355 ) ;
#797 = LINE ( 'NONE', #184, #1206 ) ;
#798 = CARTESIAN_POINT ( 'NONE',  ( 23.99999999999990408, -7.500000000000007105, -44.74999999999484857 ) ) ;
#799 = AXIS2_PLACEMENT_3D ( 'NONE', #584, #605, #280 ) ;
#800 = EDGE_CURVE ( 'NONE', #327, #1967, #568, .T. ) ;
#801 = AXIS2_PLACEMENT_3D ( 'NONE', #1363, #1319, #1681 ) ;
#802 = DIRECTION ( 'NONE',  ( 0.000000000000000000, 0.000000000000000000, 1.000000000000000000 ) ) ;
#803 = ORIENTED_EDGE ( 'NONE', *, *, #339, .F. ) ;
#804 = AXIS2_PLACEMENT_3D ( 'NONE', #546, #524, #1821 ) ;
#805 = EDGE_CURVE ( 'NONE', #1805, #1403, #472, .T. ) ;
#806 = AXIS2_PLACEMENT_3D ( 'NONE', #657, #26, #690 ) ;
#807 = LINE ( 'NONE', #1457, #1853 ) ;
#808 = CARTESIAN_POINT ( 'NONE',  ( 99.99999999999997158, 7.500000000000000000, 102.6500000000000057 ) ) ;
#809 = AXIS2_PLACEMENT_3D ( 'NONE', #307, #963, #1594 ) ;
#810 = ORIENTED_EDGE ( 'NONE', *, *, #672, .T. ) ;
#811 = VECTOR ( 'NONE', #346, 1000.000000000000000 ) ;
#812 = EDGE_CURVE ( 'NONE', #90, #631, #1008, .T. ) ;
#813 = CARTESIAN_POINT ( 'NONE',  ( 101.2552648964981046, -7.500000000000007105, -70.79999999999290594 ) ) ;
#814 = CARTESIAN_POINT ( 'NONE',  ( -30.12658773652755428, 7.500000000000006217, 31.24999999999909051 ) ) ;
#815 = FACE_OUTER_BOUND ( 'NONE', #1391, .T. ) ;
#816 = ORIENTED_EDGE ( 'NONE', *, *, #1321, .T. ) ;
#817 = ORIENTED_EDGE ( 'NONE', *, *, #1888, .F. ) ;
#818 = DIRECTION ( 'NONE',  ( -0.000000000000000000, -1.000000000000000000, -0.000000000000000000 ) ) ;
#819 = ORIENTED_EDGE ( 'NONE', *, *, #1134, .T. ) ;
#820 = EDGE_CURVE ( 'NONE', #473, #378, #234, .T. ) ;
#821 = CARTESIAN_POINT ( 'NONE',  ( 119.9999999999999716, 7.500000000000007105, 100.0000000000036522 ) ) ;
#822 = DIRECTION ( 'NONE',  ( -0.000000000000000000, -1.000000000000000000, -0.000000000000000000 ) ) ;
#823 = APPLICATION_CONTEXT ( 'automotive_design' ) ;
#824 = CYLINDRICAL_SURFACE ( 'NONE', #478, 4.199999999999995737 ) ;
#825 = ORIENTED_EDGE ( 'NONE', *, *, #1891, .F. ) ;
#826 = DIRECTION ( 'NONE',  ( -0.000000000000000000, -1.000000000000000000, -0.000000000000000000 ) ) ;
#827 = CARTESIAN_POINT ( 'NONE',  ( -150.0000000000000000, -7.500000000000000000, 150.0000000000000284 ) ) ;
#828 = VERTEX_POINT ( 'NONE', #213 ) ;
#829 = CARTESIAN_POINT ( 'NONE',  ( 61.25526489649811168, 7.500000000000000000, 115.8000000000012051 ) ) ;
#830 = DIRECTION ( 'NONE',  ( 0.000000000000000000, 0.000000000000000000, 1.000000000000000000 ) ) ;
#831 = DIRECTION ( 'NONE',  ( -0.000000000000000000, 1.000000000000000000, -0.000000000000000000 ) ) ;
#832 = VERTEX_POINT ( 'NONE', #1650 ) ;
#833 = VECTOR ( 'NONE', #721, 1000.000000000000000 ) ;
#834 = CARTESIAN_POINT ( 'NONE',  ( 61.25526489649811168, -7.500000000000007105, 124.2000000000012250 ) ) ;
#835 = DIRECTION ( 'NONE',  ( 0.000000000000000000, 0.000000000000000000, -1.000000000000000000 ) ) ;
#836 = CIRCLE ( 'NONE', #535, 4.199999999999995737 ) ;
#837 = AXIS2_PLACEMENT_3D ( 'NONE', #32, #1007, #683 ) ;
#838 = VERTEX_POINT ( 'NONE', #193 ) ;
#839 = DIRECTION ( 'NONE',  ( -0.000000000000000000, 1.000000000000000000, -0.000000000000000000 ) ) ;
#840 = AXIS2_PLACEMENT_3D ( 'NONE', #1629, #2062, #171 ) ;
#841 = CARTESIAN_POINT ( 'NONE',  ( -30.12658773652751165, 7.500000000000007105, -26.00000000000092371 ) ) ;
#842 = DIRECTION ( 'NONE',  ( -0.000000000000000000, 1.000000000000000000, -0.000000000000000000 ) ) ;
#843 = ADVANCED_FACE ( 'NONE', ( #1666 ), #848, .T. ) ;
#844 = CYLINDRICAL_SURFACE ( 'NONE', #1997, 3.400000000000000355 ) ;
#845 = ORIENTED_EDGE ( 'NONE', *, *, #1276, .F. ) ;
#846 = CARTESIAN_POINT ( 'NONE',  ( -120.0000000000000284, -7.500000000000000000, -103.3999999999963535 ) ) ;
#847 = VERTEX_POINT ( 'NONE', #1509 ) ;
#848 = CYLINDRICAL_SURFACE ( 'NONE', #364, 46.00000000000000000 ) ;
#849 = CARTESIAN_POINT ( 'NONE',  ( -68.74473510350190963, -7.500000000000007105, -119.9999999999988063 ) ) ;
#850 = CARTESIAN_POINT ( 'NONE',  ( 78.12658773652741218, 7.500000000000006217, 31.24999999999916866 ) ) ;
#851 = CARTESIAN_POINT ( 'NONE',  ( 101.2552648964981046, -7.500000000000007105, -74.99999999999290878 ) ) ;
#852 = ORIENTED_EDGE ( 'NONE', *, *, #1843, .F. ) ;
#853 = ADVANCED_FACE ( 'NONE', ( #48 ), #881, .T. ) ;
#854 = DIRECTION ( 'NONE',  ( 0.000000000000000000, 0.000000000000000000, 1.000000000000000000 ) ) ;
#855 = EDGE_CURVE ( 'NONE', #1370, #650, #592, .T. ) ;
#856 = ORIENTED_EDGE ( 'NONE', *, *, #1919, .F. ) ;
#857 = DIRECTION ( 'NONE',  ( 0.000000000000000000, 0.000000000000000000, -1.000000000000000000 ) ) ;
#858 = CARTESIAN_POINT ( 'NONE',  ( 101.2552648964981046, -7.500000000000007105, 79.20000000000011653 ) ) ;
#859 = EDGE_CURVE ( 'NONE', #250, #90, #1233, .T. ) ;
#860 = DIRECTION ( 'NONE',  ( 0.000000000000000000, 0.000000000000000000, 1.000000000000000000 ) ) ;
#861 = ORIENTED_EDGE ( 'NONE', *, *, #736, .T. ) ;
#862 = FACE_OUTER_BOUND ( 'NONE', #58, .T. ) ;
#863 = AXIS2_PLACEMENT_3D ( 'NONE', #2040, #447, #1740 ) ;
#864 = CIRCLE ( 'NONE', #1827, 4.199999999999995737 ) ;
#865 = ORIENTED_EDGE ( 'NONE', *, *, #1215, .T. ) ;
#866 = FACE_OUTER_BOUND ( 'NONE', #1515, .T. ) ;
#867 = AXIS2_PLACEMENT_3D ( 'NONE', #442, #1745, #1083 ) ;
#868 = EDGE_CURVE ( 'NONE', #631, #90, #436, .T. ) ;
#869 = LINE ( 'NONE', #1523, #1896 ) ;
#870 = CIRCLE ( 'NONE', #1285, 5.249999999999893419 ) ;
#871 = DIRECTION ( 'NONE',  ( 0.000000000000000000, 0.000000000000000000, 1.000000000000000000 ) ) ;
#872 = CIRCLE ( 'NONE', #1183, 5.249999999999991118 ) ;
#873 = DIRECTION ( 'NONE',  ( -0.000000000000000000, -1.000000000000000000, -0.000000000000000000 ) ) ;
#874 = DIRECTION ( 'NONE',  ( -0.000000000000000000, -1.000000000000000000, -0.000000000000000000 ) ) ;
#875 =( GEOMETRIC_REPRESENTATION_CONTEXT ( 3 ) GLOBAL_UNCERTAINTY_ASSIGNED_CONTEXT ( ( #1777 ) ) GLOBAL_UNIT_ASSIGNED_CONTEXT ( ( #74, #1531, #1050 ) ) REPRESENTATION_CONTEXT ( 'NONE', 'WORKASPACE' ) );
#876 = ORIENTED_EDGE ( 'NONE', *, *, #163, .F. ) ;
#877 = ADVANCED_FACE ( 'NONE', ( #72 ), #729, .F. ) ;
#878 = DIRECTION ( 'NONE',  ( 0.000000000000000000, 0.000000000000000000, 1.000000000000000000 ) ) ;
#879 = ADVANCED_FACE ( 'NONE', ( #581 ), #1565, .F. ) ;
#880 = VERTEX_POINT ( 'NONE', #109 ) ;
#881 = CYLINDRICAL_SURFACE ( 'NONE', #224, 46.00000000000000000 ) ;
#882 = EDGE_CURVE ( 'NONE', #188, #754, #2016, .T. ) ;
#883 = CARTESIAN_POINT ( 'NONE',  ( -30.12658773652751165, 7.500000000000006217, -36.50000000000092371 ) ) ;
#884 = DIRECTION ( 'NONE',  ( 0.000000000000000000, 0.000000000000000000, 1.000000000000000000 ) ) ;
#885 = CARTESIAN_POINT ( 'NONE',  ( 149.9999999999999716, 7.500000000000000000, -104.0000000000000142 ) ) ;
#886 = ORIENTED_EDGE ( 'NONE', *, *, #412, .T. ) ;
#887 = DIRECTION ( 'NONE',  ( -0.000000000000000000, -1.000000000000000000, -0.000000000000000000 ) ) ;
#888 = ORIENTED_EDGE ( 'NONE', *, *, #1347, .T. ) ;
#889 = EDGE_CURVE ( 'NONE', #1908, #1780, #1691, .T. ) ;
#890 = ORIENTED_EDGE ( 'NONE', *, *, #180, .F. ) ;
#891 = DIRECTION ( 'NONE',  ( 0.000000000000000000, 0.000000000000000000, -1.000000000000000000 ) ) ;
#892 = ORIENTED_EDGE ( 'NONE', *, *, #1872, .T. ) ;
#893 = CARTESIAN_POINT ( 'NONE',  ( 101.2552648964981046, 7.500000000000000000, -74.99999999999290878 ) ) ;
#894 = CYLINDRICAL_SURFACE ( 'NONE', #392, 4.199999999999995737 ) ;
#895 = DIRECTION ( 'NONE',  ( 0.000000000000000000, 0.000000000000000000, -1.000000000000000000 ) ) ;
#896 = ORIENTED_EDGE ( 'NONE', *, *, #774, .T. ) ;
#897 = CARTESIAN_POINT ( 'NONE',  ( 101.2552648964981046, 7.500000000000000000, -70.79999999999290594 ) ) ;
#898 = ORIENTED_EDGE ( 'NONE', *, *, #1888, .T. ) ;
#899 = AXIS2_PLACEMENT_3D ( 'NONE', #1949, #738, #884 ) ;
#900 = VERTEX_POINT ( 'NONE', #1863 ) ;
#901 = ADVANCED_FACE ( 'NONE', ( #2056, #1737, #453, #753, #564, #1209, #243, #1225, #902, #613, #1550, #1900, #1876, #415, #97, #745, #1394, #2046, #1069, #1256, #1725, #268, #602, #918, #1093 ), #277, .F. ) ;
#902 = FACE_BOUND ( 'NONE', #1810, .T. ) ;
#903 = CIRCLE ( 'NONE', #1481, 3.400000000000000355 ) ;
#904 = AXIS2_PLACEMENT_3D ( 'NONE', #408, #1705, #205 ) ;
#905 = VERTEX_POINT ( 'NONE', #927 ) ;
#906 = LINE ( 'NONE', #1235, #1689 ) ;
#907 = AXIS2_PLACEMENT_3D ( 'NONE', #3, #831, #340 ) ;
#908 = DIRECTION ( 'NONE',  ( 0.000000000000000000, 0.000000000000000000, 1.000000000000000000 ) ) ;
#909 = DIRECTION ( 'NONE',  ( 0.000000000000000000, 0.000000000000000000, 1.000000000000000000 ) ) ;
#910 = VERTEX_POINT ( 'NONE', #1575 ) ;
#911 = AXIS2_PLACEMENT_3D ( 'NONE', #1606, #1743, #975 ) ;
#912 = EDGE_CURVE ( 'NONE', #421, #1619, #132, .T. ) ;
#913 = VECTOR ( 'NONE', #1064, 1000.000000000000000 ) ;
#914 = CARTESIAN_POINT ( 'NONE',  ( -120.0000000000000284, 7.500000000000007105, -103.3999999999963535 ) ) ;
#915 = VERTEX_POINT ( 'NONE', #2100 ) ;
#916 = ADVANCED_FACE ( 'NONE', ( #2084 ), #1790, .F. ) ;
#917 = ORIENTED_EDGE ( 'NONE', *, *, #211, .F. ) ;
#918 = FACE_BOUND ( 'NONE', #1435, .T. ) ;
#919 = ORIENTED_EDGE ( 'NONE', *, *, #2017, .F. ) ;
#920 = DIRECTION ( 'NONE',  ( 1.000000000000000000, 0.000000000000000000, 0.000000000000000000 ) ) ;
#921 = EDGE_CURVE ( 'NONE', #1801, #832, #639, .T. ) ;
#922 = CARTESIAN_POINT ( 'NONE',  ( 101.2552648964981046, -7.500000000000007105, 79.20000000000011653 ) ) ;
#923 = LINE ( 'NONE', #1452, #27 ) ;
#924 = EDGE_LOOP ( 'NONE', ( #2027, #580 ) ) ;
#925 = CARTESIAN_POINT ( 'NONE',  ( -30.12658773652755428, -7.500000000000000000, 36.49999999999909051 ) ) ;
#926 = EDGE_LOOP ( 'NONE', ( #590, #1017 ) ) ;
#927 = CARTESIAN_POINT ( 'NONE',  ( -108.7447351035018812, -7.500000000000007105, -79.19999999999278373 ) ) ;
#928 = ORIENTED_EDGE ( 'NONE', *, *, #1667, .F. ) ;
#929 = LINE ( 'NONE', #1578, #1624 ) ;
#930 = FACE_BOUND ( 'NONE', #425, .T. ) ;
#931 = CARTESIAN_POINT ( 'NONE',  ( 101.2552648964981046, -7.500000000000007105, 75.00000000000012790 ) ) ;
#932 = EDGE_LOOP ( 'NONE', ( #764, #1467 ) ) ;
#933 = DIRECTION ( 'NONE',  ( 0.000000000000000000, 0.000000000000000000, 1.000000000000000000 ) ) ;
#934 = ORIENTED_EDGE ( 'NONE', *, *, #393, .T. ) ;
#935 = CARTESIAN_POINT ( 'NONE',  ( -30.12658773652751165, 7.500000000000007105, -31.25000000000092371 ) ) ;
#936 = VECTOR ( 'NONE', #1532, 1000.000000000000000 ) ;
#937 = ORIENTED_EDGE ( 'NONE', *, *, #1113, .T. ) ;
#938 = DIRECTION ( 'NONE',  ( 0.000000000000000000, 0.000000000000000000, -1.000000000000000000 ) ) ;
#939 = STYLED_ITEM ( 'NONE', ( #1001 ), #265 ) ;
#940 = EDGE_CURVE ( 'NONE', #461, #958, #164, .T. ) ;
#941 = FACE_BOUND ( 'NONE', #982, .T. ) ;
#942 = CIRCLE ( 'NONE', #1858, 3.400000000000000355 ) ;
#943 = DIRECTION ( 'NONE',  ( -0.000000000000000000, 1.000000000000000000, -0.000000000000000000 ) ) ;
#944 = VERTEX_POINT ( 'NONE', #1950 ) ;
#945 = CIRCLE ( 'NONE', #23, 3.400000000000000355 ) ;
#946 = DIRECTION ( 'NONE',  ( -0.000000000000000000, 1.000000000000000000, -0.000000000000000000 ) ) ;
#947 = VECTOR ( 'NONE', #484, 1000.000000000000000 ) ;
#948 = ORIENTED_EDGE ( 'NONE', *, *, #163, .T. ) ;
#949 = CIRCLE ( 'NONE', #1555, 2.649999999999999467 ) ;
#950 = ORIENTED_EDGE ( 'NONE', *, *, #2096, .T. ) ;
#951 = FACE_OUTER_BOUND ( 'NONE', #1425, .T. ) ;
#952 = CIRCLE ( 'NONE', #305, 5.249999999999997335 ) ;
#953 = ORIENTED_EDGE ( 'NONE', *, *, #497, .T. ) ;
#954 = CARTESIAN_POINT ( 'NONE',  ( 0.000000000000000000, 7.500000000000000000, 0.000000000000000000 ) ) ;
#955 = CARTESIAN_POINT ( 'NONE',  ( 119.9999999999999716, 7.500000000000007105, 100.0000000000036522 ) ) ;
#956 = FACE_OUTER_BOUND ( 'NONE', #411, .T. ) ;
#957 = ADVANCED_FACE ( 'NONE', ( #623 ), #1139, .F. ) ;
#958 = VERTEX_POINT ( 'NONE', #808 ) ;
#959 = EDGE_LOOP ( 'NONE', ( #845, #1291 ) ) ;
#960 = CYLINDRICAL_SURFACE ( 'NONE', #737, 3.400000000000000355 ) ;
#961 = EDGE_LOOP ( 'NONE', ( #2081, #740 ) ) ;
#962 = EDGE_CURVE ( 'NONE', #173, #1410, #301, .T. ) ;
#963 = DIRECTION ( 'NONE',  ( -0.000000000000000000, -1.000000000000000000, -0.000000000000000000 ) ) ;
#964 = EDGE_LOOP ( 'NONE', ( #321, #341, #1912, #1546 ) ) ;
#965 = DIRECTION ( 'NONE',  ( -0.000000000000000000, 1.000000000000000000, -0.000000000000000000 ) ) ;
#966 = ORIENTED_EDGE ( 'NONE', *, *, #1153, .T. ) ;
#967 = CARTESIAN_POINT ( 'NONE',  ( -120.0000000000000284, 7.500000000000007105, 96.60000000000366072 ) ) ;
#968 = CARTESIAN_POINT ( 'NONE',  ( -30.12658773652755428, 7.500000000000006217, 31.24999999999909051 ) ) ;
#969 = ORIENTED_EDGE ( 'NONE', *, *, #1135, .F. ) ;
#970 = AXIS2_PLACEMENT_3D ( 'NONE', #996, #1524, #1487 ) ;
#971 =( NAMED_UNIT ( * ) SI_UNIT ( $, .STERADIAN. ) SOLID_ANGLE_UNIT ( ) );
#972 = FACE_OUTER_BOUND ( 'NONE', #209, .T. ) ;
#973 = CIRCLE ( 'NONE', #1070, 5.249999999999997335 ) ;
#974 = AXIS2_PLACEMENT_3D ( 'NONE', #556, #203, #1674 ) ;
#975 = DIRECTION ( 'NONE',  ( 0.000000000000000000, 0.000000000000000000, 1.000000000000000000 ) ) ;
#976 = EDGE_LOOP ( 'NONE', ( #876, #1751, #1212, #300 ) ) ;
#977 = AXIS2_PLACEMENT_3D ( 'NONE', #1918, #1930, #463 ) ;
#978 = VECTOR ( 'NONE', #887, 1000.000000000000000 ) ;
#979 = ORIENTED_EDGE ( 'NONE', *, *, #882, .F. ) ;
#980 = CARTESIAN_POINT ( 'NONE',  ( 61.25526489649799800, -7.500000000000007105, -119.9999999999988063 ) ) ;
#981 = CIRCLE ( 'NONE', #1150, 4.199999999999995737 ) ;
#982 = EDGE_LOOP ( 'NONE', ( #1497, #4 ) ) ;
#983 = CIRCLE ( 'NONE', #1493, 5.249999999999991118 ) ;
#984 = EDGE_CURVE ( 'NONE', #2099, #944, #1943, .T. ) ;
#985 = DIRECTION ( 'NONE',  ( -0.000000000000000000, -1.000000000000000000, -0.000000000000000000 ) ) ;
#986 = CARTESIAN_POINT ( 'NONE',  ( 78.12658773652751165, 7.500000000000007105, -31.25000000000059686 ) ) ;
#987 = CYLINDRICAL_SURFACE ( 'NONE', #166, 3.400000000000000355 ) ;
#988 = ORIENTED_EDGE ( 'NONE', *, *, #121, .F. ) ;
#989 = DIRECTION ( 'NONE',  ( -0.000000000000000000, -1.000000000000000000, -0.000000000000000000 ) ) ;
#990 = DIRECTION ( 'NONE',  ( -0.000000000000000000, -1.000000000000000000, -0.000000000000000000 ) ) ;
#991 = ORIENTED_EDGE ( 'NONE', *, *, #1161, .F. ) ;
#992 = DIRECTION ( 'NONE',  ( -0.000000000000000000, 1.000000000000000000, -0.000000000000000000 ) ) ;
#993 = ADVANCED_FACE ( 'NONE', ( #630 ), #7, .F. ) ;
#994 = CARTESIAN_POINT ( 'NONE',  ( 99.99999999999997158, -7.500000000000000000, 97.35000000000000853 ) ) ;
#995 = VERTEX_POINT ( 'NONE', #1772 ) ;
#996 = CARTESIAN_POINT ( 'NONE',  ( 99.99999999999997158, 7.500000000000000000, -100.0000000000000000 ) ) ;
#997 = DIRECTION ( 'NONE',  ( -0.000000000000000000, -1.000000000000000000, -0.000000000000000000 ) ) ;
#998 = EDGE_LOOP ( 'NONE', ( #118, #560 ) ) ;
#999 = ADVANCED_FACE ( 'NONE', ( #951 ), #660, .F. ) ;
#1000 = ADVANCED_FACE ( 'NONE', ( #1304 ), #2065, .F. ) ;
#1001 = PRESENTATION_STYLE_ASSIGNMENT (( #1478 ) ) ;
#1002 = CARTESIAN_POINT ( 'NONE',  ( -108.7447351035018812, -7.500000000000007105, 75.00000000000001421 ) ) ;
#1003 = DIRECTION ( 'NONE',  ( -0.000000000000000000, 1.000000000000000000, -0.000000000000000000 ) ) ;
#1004 = VERTEX_POINT ( 'NONE', #488 ) ;
#1005 = AXIS2_PLACEMENT_3D ( 'NONE', #676, #985, #1322 ) ;
#1006 = DIRECTION ( 'NONE',  ( -0.000000000000000000, 1.000000000000000000, -0.000000000000000000 ) ) ;
#1007 = DIRECTION ( 'NONE',  ( -0.000000000000000000, -1.000000000000000000, -0.000000000000000000 ) ) ;
#1008 = CIRCLE ( 'NONE', #91, 4.200000000000009059 ) ;
#1009 = CIRCLE ( 'NONE', #93, 5.249999999999997335 ) ;
#1010 = VERTEX_POINT ( 'NONE', #794 ) ;
#1011 = CARTESIAN_POINT ( 'NONE',  ( 61.25526489649799800, -7.500000000000007105, -115.7999999999987892 ) ) ;
#1012 = CIRCLE ( 'NONE', #400, 3.400000000000000355 ) ;
#1013 = CARTESIAN_POINT ( 'NONE',  ( -26.00000000000015632, -7.500000000000006217, -5.249999999994632738 ) ) ;
#1014 = CARTESIAN_POINT ( 'NONE',  ( 73.99999999999988631, 7.500000000000007105, 5.381221287031438031E-12 ) ) ;
#1015 = EDGE_CURVE ( 'NONE', #1119, #1945, #507, .T. ) ;
#1016 = CYLINDRICAL_SURFACE ( 'NONE', #199, 4.199999999999995737 ) ;
#1017 = ORIENTED_EDGE ( 'NONE', *, *, #2004, .F. ) ;
#1018 = DIRECTION ( 'NONE',  ( -0.000000000000000000, -1.000000000000000000, -0.000000000000000000 ) ) ;
#1019 = EDGE_LOOP ( 'NONE', ( #919, #643, #383, #1460 ) ) ;
#1020 = DIRECTION ( 'NONE',  ( -0.000000000000000000, -1.000000000000000000, -0.000000000000000000 ) ) ;
#1021 = DIRECTION ( 'NONE',  ( 0.000000000000000000, 0.000000000000000000, 1.000000000000000000 ) ) ;
#1022 = DIRECTION ( 'NONE',  ( 0.000000000000000000, 0.000000000000000000, -1.000000000000000000 ) ) ;
#1023 = ADVANCED_BREP_SHAPE_REPRESENTATION ( 'sensor_plate', ( #265, #2095 ), #875 ) ;
#1024 = VERTEX_POINT ( 'NONE', #1957 ) ;
#1025 = CARTESIAN_POINT ( 'NONE',  ( 61.25526489649811168, 7.500000000000000000, 120.0000000000012221 ) ) ;
#1026 = ORIENTED_EDGE ( 'NONE', *, *, #1491, .T. ) ;
#1027 = CARTESIAN_POINT ( 'NONE',  ( -108.7447351035018812, 7.500000000000000000, -79.19999999999278373 ) ) ;
#1028 = FACE_OUTER_BOUND ( 'NONE', #761, .T. ) ;
#1029 = DIRECTION ( 'NONE',  ( 0.000000000000000000, 0.000000000000000000, 1.000000000000000000 ) ) ;
#1030 = EDGE_LOOP ( 'NONE', ( #790, #293, #1274, #1194 ) ) ;
#1031 = DIRECTION ( 'NONE',  ( -0.000000000000000000, -1.000000000000000000, -0.000000000000000000 ) ) ;
#1032 = CIRCLE ( 'NONE', #565, 5.249999999999991118 ) ;
#1033 = VERTEX_POINT ( 'NONE', #2075 ) ;
#1034 = DIRECTION ( 'NONE',  ( -0.000000000000000000, 1.000000000000000000, -0.000000000000000000 ) ) ;
#1035 = LINE ( 'NONE', #538, #1277 ) ;
#1036 = CIRCLE ( 'NONE', #840, 4.200000000000009059 ) ;
#1037 = DIRECTION ( 'NONE',  ( -0.000000000000000000, 1.000000000000000000, -0.000000000000000000 ) ) ;
#1038 = VECTOR ( 'NONE', #1750, 1000.000000000000000 ) ;
#1039 = FACE_OUTER_BOUND ( 'NONE', #1660, .T. ) ;
#1040 = DIRECTION ( 'NONE',  ( -0.000000000000000000, 1.000000000000000000, -0.000000000000000000 ) ) ;
#1041 = AXIS2_PLACEMENT_3D ( 'NONE', #1014, #1643, #687 ) ;
#1042 = VERTEX_POINT ( 'NONE', #1266 ) ;
#1043 = ADVANCED_FACE ( 'NONE', ( #1275 ), #287, .F. ) ;
#1044 = LINE ( 'NONE', #1690, #978 ) ;
#1045 = EDGE_LOOP ( 'NONE', ( #1196, #416 ) ) ;
#1046 = VERTEX_POINT ( 'NONE', #1103 ) ;
#1047 = DIRECTION ( 'NONE',  ( 0.000000000000000000, 0.000000000000000000, -1.000000000000000000 ) ) ;
#1048 = ORIENTED_EDGE ( 'NONE', *, *, #984, .T. ) ;
#1049 = DIRECTION ( 'NONE',  ( 0.000000000000000000, 0.000000000000000000, -1.000000000000000000 ) ) ;
#1050 =( NAMED_UNIT ( * ) SI_UNIT ( $, .STERADIAN. ) SOLID_ANGLE_UNIT ( ) );
#1051 = ADVANCED_FACE ( 'NONE', ( #1755 ), #960, .F. ) ;
#1052 = DIRECTION ( 'NONE',  ( -9.251858538542971581E-17, 0.000000000000000000, -1.000000000000000000 ) ) ;
#1053 = CARTESIAN_POINT ( 'NONE',  ( -104.0000000000000284, 7.500000000000000000, -150.0000000000000000 ) ) ;
#1054 = ORIENTED_EDGE ( 'NONE', *, *, #1667, .T. ) ;
#1055 = EDGE_CURVE ( 'NONE', #620, #1033, #320, .T. ) ;
#1056 = DIRECTION ( 'NONE',  ( -0.000000000000000000, 1.000000000000000000, -0.000000000000000000 ) ) ;
#1057 = ORIENTED_EDGE ( 'NONE', *, *, #1372, .F. ) ;
#1058 = EDGE_CURVE ( 'NONE', #297, #1004, #1648, .T. ) ;
#1059 = ORIENTED_EDGE ( 'NONE', *, *, #1707, .T. ) ;
#1060 = CARTESIAN_POINT ( 'NONE',  ( -150.0000000000000284, -7.500000000000000000, -150.0000000000000000 ) ) ;
#1061 = ORIENTED_EDGE ( 'NONE', *, *, #1944, .F. ) ;
#1062 = DIRECTION ( 'NONE',  ( 0.000000000000000000, 0.000000000000000000, -1.000000000000000000 ) ) ;
#1063 = DIRECTION ( 'NONE',  ( 0.000000000000000000, 0.000000000000000000, -1.000000000000000000 ) ) ;
#1064 = DIRECTION ( 'NONE',  ( -0.000000000000000000, 1.000000000000000000, -0.000000000000000000 ) ) ;
#1065 = EDGE_LOOP ( 'NONE', ( #1583, #2088, #597, #1059 ) ) ;
#1066 = DIRECTION ( 'NONE',  ( 0.000000000000000000, 0.000000000000000000, 1.000000000000000000 ) ) ;
#1067 = VERTEX_POINT ( 'NONE', #1167 ) ;
#1068 = ORIENTED_EDGE ( 'NONE', *, *, #1264, .F. ) ;
#1069 = FACE_BOUND ( 'NONE', #728, .T. ) ;
#1070 = AXIS2_PLACEMENT_3D ( 'NONE', #1716, #113, #908 ) ;
#1071 = ORIENTED_EDGE ( 'NONE', *, *, #562, .T. ) ;
#1072 = CARTESIAN_POINT ( 'NONE',  ( 61.25526489649811168, -7.500000000000007105, 120.0000000000012221 ) ) ;
#1073 = AXIS2_PLACEMENT_3D ( 'NONE', #426, #719, #891 ) ;
#1074 = VECTOR ( 'NONE', #1334, 1000.000000000000000 ) ;
#1075 = CARTESIAN_POINT ( 'NONE',  ( -108.7447351035018812, -7.500000000000007105, 75.00000000000001421 ) ) ;
#1076 = PRODUCT_RELATED_PRODUCT_CATEGORY ( 'part', '', ( #1308 ) ) ;
#1077 = CARTESIAN_POINT ( 'NONE',  ( 149.9999999999999716, -7.500000000000000000, -104.0000000000000142 ) ) ;
#1078 = VERTEX_POINT ( 'NONE', #846 ) ;
#1079 = AXIS2_PLACEMENT_3D ( 'NONE', #2049, #1905, #1741 ) ;
#1080 = DIRECTION ( 'NONE',  ( -0.000000000000000000, -1.000000000000000000, -0.000000000000000000 ) ) ;
#1081 = ORIENTED_EDGE ( 'NONE', *, *, #1477, .F. ) ;
#1082 = ORIENTED_EDGE ( 'NONE', *, *, #1187, .T. ) ;
#1083 = DIRECTION ( 'NONE',  ( 0.000000000000000000, -0.000000000000000000, 1.000000000000000000 ) ) ;
#1084 = ORIENTED_EDGE ( 'NONE', *, *, #1329, .F. ) ;
#1085 = LINE ( 'NONE', #465, #433 ) ;
#1086 = EDGE_CURVE ( 'NONE', #1842, #900, #670, .T. ) ;
#1087 = CARTESIAN_POINT ( 'NONE',  ( -68.74473510350190963, -7.500000000000007105, -115.7999999999988034 ) ) ;
#1088 = CARTESIAN_POINT ( 'NONE',  ( -68.74473510350190963, -7.500000000000007105, -119.9999999999988063 ) ) ;
#1089 = ORIENTED_EDGE ( 'NONE', *, *, #239, .F. ) ;
#1090 = CARTESIAN_POINT ( 'NONE',  ( -99.99999999999997158, 7.500000000000000000, 102.6500000000000057 ) ) ;
#1091 = ORIENTED_EDGE ( 'NONE', *, *, #483, .T. ) ;
#1092 = VERTEX_POINT ( 'NONE', #1328 ) ;
#1093 = FACE_BOUND ( 'NONE', #1562, .T. ) ;
#1094 = ORIENTED_EDGE ( 'NONE', *, *, #1086, .F. ) ;
#1095 = CARTESIAN_POINT ( 'NONE',  ( -68.74473510350190963, -7.500000000000007105, 120.0000000000012221 ) ) ;
#1096 = CARTESIAN_POINT ( 'NONE',  ( -104.0000000000000284, 7.500000000000000000, -104.0000000000000000 ) ) ;
#1097 = CARTESIAN_POINT ( 'NONE',  ( 73.99999999999988631, -7.500000000000007105, 5.250000000005274892 ) ) ;
#1098 = EDGE_CURVE ( 'NONE', #665, #282, #55, .T. ) ;
#1099 = VERTEX_POINT ( 'NONE', #1679 ) ;
#1100 = DIRECTION ( 'NONE',  ( 0.000000000000000000, 0.000000000000000000, 1.000000000000000000 ) ) ;
#1101 = ADVANCED_FACE ( 'NONE', ( #1812 ), #362, .F. ) ;
#1102 = ORIENTED_EDGE ( 'NONE', *, *, #1015, .T. ) ;
#1103 = CARTESIAN_POINT ( 'NONE',  ( 23.99999999999990408, -7.500000000000006217, -55.24999999999463540 ) ) ;
#1104 = EDGE_CURVE ( 'NONE', #838, #1688, #299, .T. ) ;
#1105 = ORIENTED_EDGE ( 'NONE', *, *, #1253, .F. ) ;
#1106 = DIRECTION ( 'NONE',  ( -0.000000000000000000, -1.000000000000000000, -0.000000000000000000 ) ) ;
#1107 = CIRCLE ( 'NONE', #1824, 3.400000000000000355 ) ;
#1108 = FACE_BOUND ( 'NONE', #1727, .T. ) ;
#1109 = VECTOR ( 'NONE', #1180, 1000.000000000000000 ) ;
#1110 = FACE_OUTER_BOUND ( 'NONE', #1744, .T. ) ;
#1111 = ORIENTED_EDGE ( 'NONE', *, *, #456, .T. ) ;
#1112 = CIRCLE ( 'NONE', #195, 3.400000000000000355 ) ;
#1113 = EDGE_CURVE ( 'NONE', #1415, #1552, #945, .T. ) ;
#1114 = CARTESIAN_POINT ( 'NONE',  ( -30.12658773652755428, 7.500000000000007105, 31.24999999999909051 ) ) ;
#1115 = AXIS2_PLACEMENT_3D ( 'NONE', #1644, #216, #1636 ) ;
#1116 = ORIENTED_EDGE ( 'NONE', *, *, #2004, .T. ) ;
#1117 = AXIS2_PLACEMENT_3D ( 'NONE', #521, #860, #1471 ) ;
#1118 = EDGE_CURVE ( 'NONE', #746, #454, #332, .T. ) ;
#1119 = VERTEX_POINT ( 'NONE', #1804 ) ;
#1120 = DIRECTION ( 'NONE',  ( 0.000000000000000000, 0.000000000000000000, 1.000000000000000000 ) ) ;
#1121 = ORIENTED_EDGE ( 'NONE', *, *, #1361, .T. ) ;
#1122 = CARTESIAN_POINT ( 'NONE',  ( 119.9999999999999716, 7.500000000000007105, 96.60000000000366072 ) ) ;
#1123 = DIRECTION ( 'NONE',  ( -0.000000000000000000, -1.000000000000000000, -0.000000000000000000 ) ) ;
#1124 = ORIENTED_EDGE ( 'NONE', *, *, #211, .T. ) ;
#1125 = CARTESIAN_POINT ( 'NONE',  ( 119.9999999999999716, 7.500000000000007105, 100.0000000000036522 ) ) ;
#1126 = EDGE_LOOP ( 'NONE', ( #825, #1754, #2053, #530 ) ) ;
#1127 = ORIENTED_EDGE ( 'NONE', *, *, #1321, .F. ) ;
#1128 = DIRECTION ( 'NONE',  ( -0.000000000000000000, 1.000000000000000000, -0.000000000000000000 ) ) ;
#1129 = EDGE_CURVE ( 'NONE', #1611, #1842, #700, .T. ) ;
#1130 = EDGE_LOOP ( 'NONE', ( #1560, #1917 ) ) ;
#1131 = DIRECTION ( 'NONE',  ( -0.000000000000000000, -1.000000000000000000, -0.000000000000000000 ) ) ;
#1132 = EDGE_CURVE ( 'NONE', #1384, #212, #1760, .T. ) ;
#1133 = CARTESIAN_POINT ( 'NONE',  ( -108.7447351035018812, -7.500000000000007105, -74.99999999999279510 ) ) ;
#1134 = EDGE_CURVE ( 'NONE', #2023, #244, #2026, .T. ) ;
#1135 = EDGE_CURVE ( 'NONE', #634, #1151, #1112, .T. ) ;
#1136 = DIRECTION ( 'NONE',  ( -0.000000000000000000, 1.000000000000000000, -0.000000000000000000 ) ) ;
#1137 = ORIENTED_EDGE ( 'NONE', *, *, #1198, .F. ) ;
#1138 = ORIENTED_EDGE ( 'NONE', *, *, #1609, .T. ) ;
#1139 = CYLINDRICAL_SURFACE ( 'NONE', #1723, 4.199999999999995737 ) ;
#1140 = VERTEX_POINT ( 'NONE', #201 ) ;
#1141 = ADVANCED_FACE ( 'NONE', ( #862 ), #692, .F. ) ;
#1142 = LINE ( 'NONE', #1469, #1836 ) ;
#1143 = AXIS2_PLACEMENT_3D ( 'NONE', #225, #873, #1365 ) ;
#1144 = AXIS2_PLACEMENT_3D ( 'NONE', #1879, #1553, #455 ) ;
#1145 = FACE_OUTER_BOUND ( 'NONE', #1581, .T. ) ;
#1146 = ORIENTED_EDGE ( 'NONE', *, *, #1991, .F. ) ;
#1147 = VECTOR ( 'NONE', #401, 1000.000000000000000 ) ;
#1148 = CARTESIAN_POINT ( 'NONE',  ( -120.0000000000000284, -7.500000000000000000, 96.60000000000366072 ) ) ;
#1149 = DIRECTION ( 'NONE',  ( 0.000000000000000000, 0.000000000000000000, 1.000000000000000000 ) ) ;
#1150 = AXIS2_PLACEMENT_3D ( 'NONE', #851, #380, #1022 ) ;
#1151 = VERTEX_POINT ( 'NONE', #1360 ) ;
#1152 = AXIS2_PLACEMENT_3D ( 'NONE', #1816, #1826, #830 ) ;
#1153 = EDGE_CURVE ( 'NONE', #693, #880, #1009, .T. ) ;
#1154 = CARTESIAN_POINT ( 'NONE',  ( 61.25526489649799800, -7.500000000000007105, -119.9999999999988063 ) ) ;
#1155 = FACE_OUTER_BOUND ( 'NONE', #1262, .T. ) ;
#1156 = VERTEX_POINT ( 'NONE', #554 ) ;
#1157 = DIRECTION ( 'NONE',  ( 0.000000000000000000, 0.000000000000000000, 1.000000000000000000 ) ) ;
#1158 = DIRECTION ( 'NONE',  ( -0.000000000000000000, 1.000000000000000000, -0.000000000000000000 ) ) ;
#1159 = ORIENTED_EDGE ( 'NONE', *, *, #2009, .T. ) ;
#1160 = CARTESIAN_POINT ( 'NONE',  ( -26.00000000000015632, -7.500000000000007105, 5.250000000005146994 ) ) ;
#1161 = EDGE_CURVE ( 'NONE', #1611, #1345, #1283, .T. ) ;
#1162 = CARTESIAN_POINT ( 'NONE',  ( -120.0000000000000284, -7.500000000000000000, -99.99999999999636202 ) ) ;
#1163 = DIRECTION ( 'NONE',  ( 0.000000000000000000, 0.000000000000000000, 1.000000000000000000 ) ) ;
#1164 = CARTESIAN_POINT ( 'NONE',  ( -68.74473510350190963, -7.500000000000007105, 120.0000000000012221 ) ) ;
#1165 = ORIENTED_EDGE ( 'NONE', *, *, #912, .F. ) ;
#1166 = CARTESIAN_POINT ( 'NONE',  ( -99.99999999999997158, -7.500000000000000000, 100.0000000000000000 ) ) ;
#1167 = CARTESIAN_POINT ( 'NONE',  ( 61.25526489649799800, 7.500000000000000000, -115.7999999999987892 ) ) ;
#1168 = ORIENTED_EDGE ( 'NONE', *, *, #1612, .T. ) ;
#1169 = DIRECTION ( 'NONE',  ( -0.000000000000000000, -1.000000000000000000, -0.000000000000000000 ) ) ;
#1170 = LINE ( 'NONE', #858, #666 ) ;
#1171 = CARTESIAN_POINT ( 'NONE',  ( -26.00000000000015632, 7.500000000000007105, 5.257510070753409350E-12 ) ) ;
#1172 = MECHANICAL_DESIGN_GEOMETRIC_PRESENTATION_REPRESENTATION (  '', ( #939 ), #363 ) ;
#1173 = CARTESIAN_POINT ( 'NONE',  ( 101.2552648964981046, 7.500000000000000000, 79.20000000000011653 ) ) ;
#1174 = EDGE_LOOP ( 'NONE', ( #1359, #183, #285, #1438 ) ) ;
#1175 = AXIS2_PLACEMENT_3D ( 'NONE', #235, #245, #1021 ) ;
#1176 = DIRECTION ( 'NONE',  ( -0.000000000000000000, -1.000000000000000000, -0.000000000000000000 ) ) ;
#1177 = AXIS2_PLACEMENT_3D ( 'NONE', #980, #134, #495 ) ;
#1178 = VECTOR ( 'NONE', #389, 1000.000000000000000 ) ;
#1179 = ORIENTED_EDGE ( 'NONE', *, *, #585, .F. ) ;
#1180 = DIRECTION ( 'NONE',  ( -1.850371707708594070E-16, -0.000000000000000000, -1.000000000000000000 ) ) ;
#1181 = CIRCLE ( 'NONE', #335, 2.649999999999999467 ) ;
#1182 = EDGE_CURVE ( 'NONE', #1099, #828, #182, .T. ) ;
#1183 = AXIS2_PLACEMENT_3D ( 'NONE', #387, #1237, #1358 ) ;
#1184 = DIRECTION ( 'NONE',  ( -0.000000000000000000, -1.000000000000000000, -0.000000000000000000 ) ) ;
#1185 = DIRECTION ( 'NONE',  ( 0.000000000000000000, 0.000000000000000000, -1.000000000000000000 ) ) ;
#1186 = EDGE_CURVE ( 'NONE', #944, #1671, #1314, .T. ) ;
#1187 = EDGE_CURVE ( 'NONE', #1671, #944, #1418, .T. ) ;
#1188 = FACE_OUTER_BOUND ( 'NONE', #267, .T. ) ;
#1189 = EDGE_LOOP ( 'NONE', ( #1429, #1336 ) ) ;
#1190 = DIRECTION ( 'NONE',  ( 0.000000000000000000, 0.000000000000000000, 1.000000000000000000 ) ) ;
#1191 = ORIENTED_EDGE ( 'NONE', *, *, #921, .F. ) ;
#1192 = CARTESIAN_POINT ( 'NONE',  ( -30.12658773652751165, 7.500000000000006217, -31.25000000000092371 ) ) ;
#1193 = LINE ( 'NONE', #559, #913 ) ;
#1194 = ORIENTED_EDGE ( 'NONE', *, *, #1641, .T. ) ;
#1195 = CARTESIAN_POINT ( 'NONE',  ( -68.74473510350190963, -7.500000000000007105, 120.0000000000012221 ) ) ;
#1196 = ORIENTED_EDGE ( 'NONE', *, *, #1864, .T. ) ;
#1197 = CARTESIAN_POINT ( 'NONE',  ( 23.99999999999992895, -7.500000000000007105, 49.99999999999926814 ) ) ;
#1198 = EDGE_CURVE ( 'NONE', #1552, #1801, #1527, .T. ) ;
#1199 = DIRECTION ( 'NONE',  ( -0.000000000000000000, -1.000000000000000000, -0.000000000000000000 ) ) ;
#1200 = EDGE_CURVE ( 'NONE', #462, #378, #1592, .T. ) ;
#1201 = FACE_OUTER_BOUND ( 'NONE', #1221, .T. ) ;
#1202 = CARTESIAN_POINT ( 'NONE',  ( 61.25526489649799800, 7.500000000000000000, -119.9999999999988063 ) ) ;
#1203 = EDGE_LOOP ( 'NONE', ( #1813, #589, #762, #2098 ) ) ;
#1204 = VECTOR ( 'NONE', #826, 1000.000000000000000 ) ;
#1205 = DIRECTION ( 'NONE',  ( -0.000000000000000000, -1.000000000000000000, -0.000000000000000000 ) ) ;
#1206 = VECTOR ( 'NONE', #1935, 1000.000000000000000 ) ;
#1207 = CIRCLE ( 'NONE', #1244, 4.199999999999995737 ) ;
#1208 = ORIENTED_EDGE ( 'NONE', *, *, #1395, .T. ) ;
#1209 = FACE_BOUND ( 'NONE', #493, .T. ) ;
#1210 = EDGE_CURVE ( 'NONE', #1033, #126, #302, .T. ) ;
#1211 = AXIS2_PLACEMENT_3D ( 'NONE', #935, #474, #330 ) ;
#1212 = ORIENTED_EDGE ( 'NONE', *, *, #2038, .T. ) ;
#1213 = DIRECTION ( 'NONE',  ( -1.850371707708594070E-16, -0.000000000000000000, -1.000000000000000000 ) ) ;
#1214 = AXIS2_PLACEMENT_3D ( 'NONE', #516, #1158, #351 ) ;
#1215 = EDGE_CURVE ( 'NONE', #769, #2015, #1726, .T. ) ;
#1216 = AXIS2_PLACEMENT_3D ( 'NONE', #781, #1570, #1915 ) ;
#1217 = DIRECTION ( 'NONE',  ( -0.000000000000000000, -1.000000000000000000, -0.000000000000000000 ) ) ;
#1218 = DIRECTION ( 'NONE',  ( -0.000000000000000000, -1.000000000000000000, -0.000000000000000000 ) ) ;
#1219 = CIRCLE ( 'NONE', #1041, 5.249999999999893419 ) ;
#1220 = ADVANCED_FACE ( 'NONE', ( #576 ), #1239, .F. ) ;
#1221 = EDGE_LOOP ( 'NONE', ( #612, #1959, #288, #1168 ) ) ;
#1222 = CARTESIAN_POINT ( 'NONE',  ( -99.99999999999997158, 7.500000000000000000, -100.0000000000000000 ) ) ;
#1223 = ORIENTED_EDGE ( 'NONE', *, *, #736, .F. ) ;
#1224 = EDGE_LOOP ( 'NONE', ( #624, #28 ) ) ;
#1225 = FACE_BOUND ( 'NONE', #782, .T. ) ;
#1226 = VERTEX_POINT ( 'NONE', #69 ) ;
#1227 = CARTESIAN_POINT ( 'NONE',  ( 73.99999999999988631, 7.500000000000007105, 5.381221287031438031E-12 ) ) ;
#1228 = FACE_BOUND ( 'NONE', #429, .T. ) ;
#1229 = CARTESIAN_POINT ( 'NONE',  ( -104.0000000000000142, 7.500000000000000000, 150.0000000000000284 ) ) ;
#1230 = ORIENTED_EDGE ( 'NONE', *, *, #1187, .F. ) ;
#1231 = DIRECTION ( 'NONE',  ( -0.000000000000000000, -1.000000000000000000, -0.000000000000000000 ) ) ;
#1232 = VERTEX_POINT ( 'NONE', #925 ) ;
#1233 = LINE ( 'NONE', #82, #1796 ) ;
#1234 = ORIENTED_EDGE ( 'NONE', *, *, #598, .F. ) ;
#1235 = CARTESIAN_POINT ( 'NONE',  ( -150.0000000000000000, 7.500000000000000000, 150.0000000000000284 ) ) ;
#1236 = FACE_BOUND ( 'NONE', #1506, .T. ) ;
#1237 = DIRECTION ( 'NONE',  ( -0.000000000000000000, -1.000000000000000000, -0.000000000000000000 ) ) ;
#1238 = ORIENTED_EDGE ( 'NONE', *, *, #731, .F. ) ;
#1239 = CYLINDRICAL_SURFACE ( 'NONE', #438, 2.649999999999999467 ) ;
#1240 = VERTEX_POINT ( 'NONE', #1720 ) ;
#1241 = ORIENTED_EDGE ( 'NONE', *, *, #371, .F. ) ;
#1242 = DIRECTION ( 'NONE',  ( -0.000000000000000000, -1.000000000000000000, -0.000000000000000000 ) ) ;
#1243 = CIRCLE ( 'NONE', #17, 3.400000000000000355 ) ;
#1244 = AXIS2_PLACEMENT_3D ( 'NONE', #849, #1184, #2067 ) ;
#1245 = ORIENTED_EDGE ( 'NONE', *, *, #642, .T. ) ;
#1246 = DIRECTION ( 'NONE',  ( 0.000000000000000000, 0.000000000000000000, -1.000000000000000000 ) ) ;
#1247 = AXIS2_PLACEMENT_3D ( 'NONE', #1297, #146, #1632 ) ;
#1248 = VECTOR ( 'NONE', #319, 1000.000000000000000 ) ;
#1249 = CARTESIAN_POINT ( 'NONE',  ( 119.9999999999999716, -7.500000000000000000, -99.99999999999636202 ) ) ;
#1250 = DIRECTION ( 'NONE',  ( -0.000000000000000000, 1.000000000000000000, -0.000000000000000000 ) ) ;
#1251 = VERTEX_POINT ( 'NONE', #1849 ) ;
#1252 = CIRCLE ( 'NONE', #231, 5.249999999999893419 ) ;
#1253 = EDGE_CURVE ( 'NONE', #1251, #1313, #1386, .T. ) ;
#1254 = CARTESIAN_POINT ( 'NONE',  ( 78.12658773652741218, 7.500000000000007105, 31.24999999999916866 ) ) ;
#1255 = ORIENTED_EDGE ( 'NONE', *, *, #1098, .F. ) ;
#1256 = FACE_OUTER_BOUND ( 'NONE', #329, .T. ) ;
#1257 = ORIENTED_EDGE ( 'NONE', *, *, #1634, .F. ) ;
#1258 = EDGE_CURVE ( 'NONE', #915, #200, #588, .T. ) ;
#1259 = DIRECTION ( 'NONE',  ( -0.000000000000000000, -1.000000000000000000, -0.000000000000000000 ) ) ;
#1260 = DIRECTION ( 'NONE',  ( 0.000000000000000000, 0.000000000000000000, -1.000000000000000000 ) ) ;
#1261 = DIRECTION ( 'NONE',  ( -0.000000000000000000, -1.000000000000000000, -0.000000000000000000 ) ) ;
#1262 = EDGE_LOOP ( 'NONE', ( #1223, #937, #452, #308 ) ) ;
#1263 = DIRECTION ( 'NONE',  ( -0.000000000000000000, -1.000000000000000000, -0.000000000000000000 ) ) ;
#1264 = EDGE_CURVE ( 'NONE', #1345, #900, #262, .T. ) ;
#1265 = EDGE_LOOP ( 'NONE', ( #658, #1208, #1590, #752 ) ) ;
#1266 = CARTESIAN_POINT ( 'NONE',  ( -99.99999999999997158, -7.500000000000000000, 102.6500000000000057 ) ) ;
#1267 = ORIENTED_EDGE ( 'NONE', *, *, #805, .T. ) ;
#1268 = DIRECTION ( 'NONE',  ( -0.000000000000000000, -1.000000000000000000, -0.000000000000000000 ) ) ;
#1269 = SURFACE_STYLE_FILL_AREA ( #291 ) ;
#1270 = DIRECTION ( 'NONE',  ( -0.000000000000000000, -1.000000000000000000, -0.000000000000000000 ) ) ;
#1271 = EDGE_CURVE ( 'NONE', #1078, #1671, #1873, .T. ) ;
#1272 = DIRECTION ( 'NONE',  ( -0.000000000000000000, 1.000000000000000000, -0.000000000000000000 ) ) ;
#1273 = ORIENTED_EDGE ( 'NONE', *, *, #1186, .T. ) ;
#1274 = ORIENTED_EDGE ( 'NONE', *, *, #127, .T. ) ;
#1275 = FACE_OUTER_BOUND ( 'NONE', #525, .T. ) ;
#1276 = EDGE_CURVE ( 'NONE', #1780, #1908, #1762, .T. ) ;
#1277 = VECTOR ( 'NONE', #1503, 1000.000000000000000 ) ;
#1278 = EDGE_LOOP ( 'NONE', ( #1238, #1257, #2066, #2034 ) ) ;
#1279 = CARTESIAN_POINT ( 'NONE',  ( 78.12658773652751165, -7.500000000000000000, -31.25000000000059686 ) ) ;
#1280 = VECTOR ( 'NONE', #1823, 1000.000000000000000 ) ;
#1281 = LINE ( 'NONE', #1097, #1038 ) ;
#1282 = EDGE_LOOP ( 'NONE', ( #2050, #1942 ) ) ;
#1283 = CIRCLE ( 'NONE', #640, 5.249999999999893419 ) ;
#1284 = CARTESIAN_POINT ( 'NONE',  ( -150.0000000000000284, 7.500000000000000000, -150.0000000000000000 ) ) ;
#1285 = AXIS2_PLACEMENT_3D ( 'NONE', #2035, #1231, #751 ) ;
#1286 = ORIENTED_EDGE ( 'NONE', *, *, #541, .F. ) ;
#1287 = AXIS2_PLACEMENT_3D ( 'NONE', #1698, #1542, #739 ) ;
#1288 = ORIENTED_EDGE ( 'NONE', *, *, #868, .F. ) ;
#1289 = CARTESIAN_POINT ( 'NONE',  ( -120.0000000000000284, 7.500000000000007105, -99.99999999999636202 ) ) ;
#1290 = CIRCLE ( 'NONE', #1152, 5.249999999999991118 ) ;
#1291 = ORIENTED_EDGE ( 'NONE', *, *, #889, .F. ) ;
#1292 =( NAMED_UNIT ( * ) PLANE_ANGLE_UNIT ( ) SI_UNIT ( $, .RADIAN. ) );
#1293 = CYLINDRICAL_SURFACE ( 'NONE', #170, 4.199999999999995737 ) ;
#1294 = CARTESIAN_POINT ( 'NONE',  ( 78.12658773652741218, 7.500000000000006217, 36.49999999999916156 ) ) ;
#1295 = ORIENTED_EDGE ( 'NONE', *, *, #275, .F. ) ;
#1296 = DIRECTION ( 'NONE',  ( -0.000000000000000000, 1.000000000000000000, -0.000000000000000000 ) ) ;
#1297 = CARTESIAN_POINT ( 'NONE',  ( -120.0000000000000284, 7.500000000000007105, -99.99999999999636202 ) ) ;
#1298 = VERTEX_POINT ( 'NONE', #230 ) ;
#1299 = DIRECTION ( 'NONE',  ( 0.000000000000000000, 0.000000000000000000, 1.000000000000000000 ) ) ;
#1300 = CYLINDRICAL_SURFACE ( 'NONE', #579, 5.249999999999991118 ) ;
#1301 = FACE_OUTER_BOUND ( 'NONE', #1920, .T. ) ;
#1302 = ORIENTED_EDGE ( 'NONE', *, *, #1086, .T. ) ;
#1303 = DIRECTION ( 'NONE',  ( -0.000000000000000000, -1.000000000000000000, -0.000000000000000000 ) ) ;
#1304 = FACE_OUTER_BOUND ( 'NONE', #2045, .T. ) ;
#1305 = EDGE_LOOP ( 'NONE', ( #96, #2029 ) ) ;
#1306 = AXIS2_PLACEMENT_3D ( 'NONE', #1979, #1217, #409 ) ;
#1307 = DIRECTION ( 'NONE',  ( 0.000000000000000000, 0.000000000000000000, -1.000000000000000000 ) ) ;
#1308 = PRODUCT ( 'sensor_plate', 'sensor_plate', '', ( #53 ) ) ;
#1309 = FACE_OUTER_BOUND ( 'NONE', #441, .T. ) ;
#1310 = VECTOR ( 'NONE', #527, 1000.000000000000000 ) ;
#1311 = AXIS2_PLACEMENT_3D ( 'NONE', #1227, #1913, #938 ) ;
#1312 = DIRECTION ( 'NONE',  ( 0.000000000000000000, 0.000000000000000000, 1.000000000000000000 ) ) ;
#1313 = VERTEX_POINT ( 'NONE', #897 ) ;
#1314 = CIRCLE ( 'NONE', #707, 3.400000000000000355 ) ;
#1315 = CARTESIAN_POINT ( 'NONE',  ( -68.74473510350190963, 7.500000000000000000, 115.8000000000012193 ) ) ;
#1316 = DIRECTION ( 'NONE',  ( -0.000000000000000000, 1.000000000000000000, -0.000000000000000000 ) ) ;
#1317 = CIRCLE ( 'NONE', #510, 3.400000000000000355 ) ;
#1318 = ORIENTED_EDGE ( 'NONE', *, *, #76, .T. ) ;
#1319 = DIRECTION ( 'NONE',  ( -0.000000000000000000, 1.000000000000000000, -0.000000000000000000 ) ) ;
#1320 = CIRCLE ( 'NONE', #338, 5.249999999999889866 ) ;
#1321 = EDGE_CURVE ( 'NONE', #1004, #828, #539, .T. ) ;
#1322 = DIRECTION ( 'NONE',  ( 0.000000000000000000, 0.000000000000000000, -1.000000000000000000 ) ) ;
#1323 = DIRECTION ( 'NONE',  ( -0.000000000000000000, -1.000000000000000000, -0.000000000000000000 ) ) ;
#1324 = CARTESIAN_POINT ( 'NONE',  ( 101.2552648964981046, -7.500000000000007105, -74.99999999999290878 ) ) ;
#1325 = ORIENTED_EDGE ( 'NONE', *, *, #490, .F. ) ;
#1326 = ADVANCED_FACE ( 'NONE', ( #1701 ), #106, .F. ) ;
#1327 = LINE ( 'NONE', #1389, #936 ) ;
#1328 = CARTESIAN_POINT ( 'NONE',  ( -99.99999999999997158, -7.500000000000000000, 97.35000000000000853 ) ) ;
#1329 = EDGE_CURVE ( 'NONE', #555, #1156, #870, .T. ) ;
#1330 = EDGE_LOOP ( 'NONE', ( #375, #47, #1116, #1179 ) ) ;
#1331 = DIRECTION ( 'NONE',  ( 0.000000000000000000, 0.000000000000000000, -1.000000000000000000 ) ) ;
#1332 = DIRECTION ( 'NONE',  ( -0.000000000000000000, -1.000000000000000000, -0.000000000000000000 ) ) ;
#1333 = CARTESIAN_POINT ( 'NONE',  ( 78.12658773652741218, -7.500000000000000000, 36.49999999999916156 ) ) ;
#1334 = DIRECTION ( 'NONE',  ( -1.000000000000000000, -0.000000000000000000, -0.000000000000000000 ) ) ;
#1335 = EDGE_CURVE ( 'NONE', #1410, #910, #772, .T. ) ;
#1336 = ORIENTED_EDGE ( 'NONE', *, *, #1372, .T. ) ;
#1337 = CARTESIAN_POINT ( 'NONE',  ( -30.12658773652751165, -7.500000000000000000, -31.25000000000092371 ) ) ;
#1338 = ORIENTED_EDGE ( 'NONE', *, *, #1864, .F. ) ;
#1339 = CARTESIAN_POINT ( 'NONE',  ( 104.0000000000000142, 7.500000000000000000, 104.0000000000000142 ) ) ;
#1340 = DIRECTION ( 'NONE',  ( -0.000000000000000000, -1.000000000000000000, -0.000000000000000000 ) ) ;
#1341 = DIRECTION ( 'NONE',  ( 0.000000000000000000, 0.000000000000000000, 1.000000000000000000 ) ) ;
#1342 = CIRCLE ( 'NONE', #899, 4.199999999999995737 ) ;
#1343 = CIRCLE ( 'NONE', #766, 46.00000000000000000 ) ;
#1344 = CARTESIAN_POINT ( 'NONE',  ( -104.0000000000000142, -7.500000000000000000, 104.0000000000000284 ) ) ;
#1345 = VERTEX_POINT ( 'NONE', #1894 ) ;
#1346 = AXIS2_PLACEMENT_3D ( 'NONE', #1095, #1397, #123 ) ;
#1347 = EDGE_CURVE ( 'NONE', #269, #620, #1831, .T. ) ;
#1348 = DIRECTION ( 'NONE',  ( -0.000000000000000000, 1.000000000000000000, -0.000000000000000000 ) ) ;
#1349 = VECTOR ( 'NONE', #46, 1000.000000000000000 ) ;
#1350 = AXIS2_PLACEMENT_3D ( 'NONE', #460, #946, #1100 ) ;
#1351 = ORIENTED_EDGE ( 'NONE', *, *, #232, .F. ) ;
#1352 = CARTESIAN_POINT ( 'NONE',  ( 78.12658773652751165, 7.500000000000006217, -26.00000000000060751 ) ) ;
#1353 = AXIS2_PLACEMENT_3D ( 'NONE', #237, #57, #1687 ) ;
#1354 = VECTOR ( 'NONE', #992, 1000.000000000000000 ) ;
#1355 = DIRECTION ( 'NONE',  ( -0.000000000000000000, -1.000000000000000000, -0.000000000000000000 ) ) ;
#1356 = APPLICATION_PROTOCOL_DEFINITION ( 'draft international standard', 'automotive_design', 1998, #823 ) ;
#1357 = EDGE_CURVE ( 'NONE', #1753, #1370, #2014, .T. ) ;
#1358 = DIRECTION ( 'NONE',  ( 0.000000000000000000, 0.000000000000000000, 1.000000000000000000 ) ) ;
#1359 = ORIENTED_EDGE ( 'NONE', *, *, #354, .F. ) ;
#1360 = CARTESIAN_POINT ( 'NONE',  ( 119.9999999999999716, -7.500000000000000000, 96.60000000000366072 ) ) ;
#1361 = EDGE_CURVE ( 'NONE', #838, #1046, #1044, .T. ) ;
#1362 = ORIENTED_EDGE ( 'NONE', *, *, #422, .T. ) ;
#1363 = CARTESIAN_POINT ( 'NONE',  ( -120.0000000000000284, 7.500000000000007105, 100.0000000000036522 ) ) ;
#1364 = CARTESIAN_POINT ( 'NONE',  ( -120.0000000000000284, 7.500000000000007105, 96.60000000000366072 ) ) ;
#1365 = DIRECTION ( 'NONE',  ( 0.000000000000000000, 0.000000000000000000, 1.000000000000000000 ) ) ;
#1366 = ADVANCED_FACE ( 'NONE', ( #1535 ), #1434, .F. ) ;
#1367 = DIRECTION ( 'NONE',  ( 0.000000000000000000, 0.000000000000000000, 1.000000000000000000 ) ) ;
#1368 = VERTEX_POINT ( 'NONE', #1294 ) ;
#1369 = DIRECTION ( 'NONE',  ( 0.000000000000000000, 0.000000000000000000, -1.000000000000000000 ) ) ;
#1370 = VERTEX_POINT ( 'NONE', #143 ) ;
#1371 = DIRECTION ( 'NONE',  ( 0.000000000000000000, 0.000000000000000000, -1.000000000000000000 ) ) ;
#1372 = EDGE_CURVE ( 'NONE', #1500, #2073, #25, .T. ) ;
#1373 = DIRECTION ( 'NONE',  ( 0.000000000000000000, 0.000000000000000000, 1.000000000000000000 ) ) ;
#1374 = DIRECTION ( 'NONE',  ( 0.000000000000000000, 0.000000000000000000, 1.000000000000000000 ) ) ;
#1375 = LINE ( 'NONE', #67, #675 ) ;
#1376 = ORIENTED_EDGE ( 'NONE', *, *, #889, .T. ) ;
#1377 = AXIS2_PLACEMENT_3D ( 'NONE', #1585, #2064, #133 ) ;
#1378 = DIRECTION ( 'NONE',  ( -0.000000000000000000, 1.000000000000000000, -0.000000000000000000 ) ) ;
#1379 = ORIENTED_EDGE ( 'NONE', *, *, #2096, .F. ) ;
#1380 = CIRCLE ( 'NONE', #801, 3.400000000000000355 ) ;
#1381 = VERTEX_POINT ( 'NONE', #150 ) ;
#1382 = CARTESIAN_POINT ( 'NONE',  ( -108.7447351035018812, -7.500000000000007105, 79.20000000000000284 ) ) ;
#1383 = VECTOR ( 'NONE', #1446, 1000.000000000000000 ) ;
#1384 = VERTEX_POINT ( 'NONE', #1779 ) ;
#1385 = CARTESIAN_POINT ( 'NONE',  ( 61.25526489649811168, 7.500000000000000000, 124.2000000000012250 ) ) ;
#1386 = CIRCLE ( 'NONE', #1554, 4.199999999999995737 ) ;
#1387 = ADVANCED_FACE ( 'NONE', ( #2097 ), #2072, .F. ) ;
#1388 = VECTOR ( 'NONE', #208, 1000.000000000000000 ) ;
#1389 = CARTESIAN_POINT ( 'NONE',  ( -108.7447351035018812, -7.500000000000007105, -79.19999999999278373 ) ) ;
#1390 = CARTESIAN_POINT ( 'NONE',  ( 23.99999999999990408, 7.500000000000007105, -44.74999999999484857 ) ) ;
#1391 = EDGE_LOOP ( 'NONE', ( #1379, #1940, #684, #242 ) ) ;
#1392 = CARTESIAN_POINT ( 'NONE',  ( 104.0000000000000142, -7.500000000000000000, 104.0000000000000142 ) ) ;
#1393 = ORIENTED_EDGE ( 'NONE', *, *, #316, .T. ) ;
#1394 = FACE_BOUND ( 'NONE', #998, .T. ) ;
#1395 = EDGE_CURVE ( 'NONE', #750, #1945, #129, .T. ) ;
#1396 = ORIENTED_EDGE ( 'NONE', *, *, #1182, .F. ) ;
#1397 = DIRECTION ( 'NONE',  ( -0.000000000000000000, -1.000000000000000000, -0.000000000000000000 ) ) ;
#1398 = FACE_BOUND ( 'NONE', #1955, .T. ) ;
#1399 = LINE ( 'NONE', #1053, #1664 ) ;
#1400 = ORIENTED_EDGE ( 'NONE', *, *, #1770, .F. ) ;
#1401 = ADVANCED_FACE ( 'NONE', ( #1582 ), #771, .F. ) ;
#1402 = DIRECTION ( 'NONE',  ( -0.000000000000000000, -1.000000000000000000, -0.000000000000000000 ) ) ;
#1403 = VERTEX_POINT ( 'NONE', #317 ) ;
#1404 = EDGE_LOOP ( 'NONE', ( #62, #1875, #494, #130 ) ) ;
#1405 = DIRECTION ( 'NONE',  ( -0.000000000000000000, 1.000000000000000000, -0.000000000000000000 ) ) ;
#1406 = EDGE_LOOP ( 'NONE', ( #1673, #1925, #547, #71 ) ) ;
#1407 = DIRECTION ( 'NONE',  ( 0.000000000000000000, 0.000000000000000000, 1.000000000000000000 ) ) ;
#1408 = FACE_BOUND ( 'NONE', #1874, .T. ) ;
#1409 = DIRECTION ( 'NONE',  ( 0.000000000000000000, 0.000000000000000000, -1.000000000000000000 ) ) ;
#1410 = VERTEX_POINT ( 'NONE', #159 ) ;
#1411 = DIRECTION ( 'NONE',  ( 0.000000000000000000, 0.000000000000000000, 1.000000000000000000 ) ) ;
#1412 = VERTEX_POINT ( 'NONE', #621 ) ;
#1413 = DIRECTION ( 'NONE',  ( -0.000000000000000000, -1.000000000000000000, -0.000000000000000000 ) ) ;
#1414 = AXIS2_PLACEMENT_3D ( 'NONE', #821, #498, #2077 ) ;
#1415 = VERTEX_POINT ( 'NONE', #1907 ) ;
#1416 = LINE ( 'NONE', #2030, #669 ) ;
#1417 = AXIS2_PLACEMENT_3D ( 'NONE', #2028, #1413, #1371 ) ;
#1418 = CIRCLE ( 'NONE', #1214, 3.400000000000000355 ) ;
#1419 = FACE_OUTER_BOUND ( 'NONE', #553, .T. ) ;
#1420 = FACE_OUTER_BOUND ( 'NONE', #1574, .T. ) ;
#1421 = EDGE_CURVE ( 'NONE', #1024, #1046, #475, .T. ) ;
#1422 = ORIENTED_EDGE ( 'NONE', *, *, #2017, .T. ) ;
#1423 = AXIS2_PLACEMENT_3D ( 'NONE', #356, #1669, #1975 ) ;
#1424 = DIRECTION ( 'NONE',  ( -0.000000000000000000, 1.000000000000000000, -0.000000000000000000 ) ) ;
#1425 = EDGE_LOOP ( 'NONE', ( #108, #566, #892, #160 ) ) ;
#1426 = ORIENTED_EDGE ( 'NONE', *, *, #322, .T. ) ;
#1427 = DIRECTION ( 'NONE',  ( 0.000000000000000000, 1.000000000000000000, 0.000000000000000000 ) ) ;
#1428 = ADVANCED_FACE ( 'NONE', ( #450 ), #1443, .T. ) ;
#1429 = ORIENTED_EDGE ( 'NONE', *, *, #2071, .T. ) ;
#1430 = CARTESIAN_POINT ( 'NONE',  ( -120.0000000000000284, 7.500000000000007105, 103.4000000000036579 ) ) ;
#1431 = FACE_BOUND ( 'NONE', #1822, .T. ) ;
#1432 = DIRECTION ( 'NONE',  ( 0.000000000000000000, 0.000000000000000000, 1.000000000000000000 ) ) ;
#1433 = EDGE_LOOP ( 'NONE', ( #1526, #861, #1318, #1137 ) ) ;
#1434 = CYLINDRICAL_SURFACE ( 'NONE', #911, 2.649999999999999467 ) ;
#1435 = EDGE_LOOP ( 'NONE', ( #1094, #477 ) ) ;
#1436 = EDGE_LOOP ( 'NONE', ( #1444, #1714 ) ) ;
#1437 = CARTESIAN_POINT ( 'NONE',  ( -120.0000000000000284, 7.500000000000007105, -96.59999999999635634 ) ) ;
#1438 = ORIENTED_EDGE ( 'NONE', *, *, #127, .F. ) ;
#1439 = ADVANCED_FACE ( 'NONE', ( #283 ), #1926, .F. ) ;
#1440 = FACE_BOUND ( 'NONE', #1520, .T. ) ;
#1441 = CARTESIAN_POINT ( 'NONE',  ( -99.99999999999997158, 7.500000000000000000, -100.0000000000000000 ) ) ;
#1442 = ORIENTED_EDGE ( 'NONE', *, *, #1976, .F. ) ;
#1443 = CYLINDRICAL_SURFACE ( 'NONE', #674, 46.00000000000000000 ) ;
#1444 = ORIENTED_EDGE ( 'NONE', *, *, #569, .F. ) ;
#1445 = PLANE ( 'NONE',  #1377 ) ;
#1446 = DIRECTION ( 'NONE',  ( -0.000000000000000000, -1.000000000000000000, -0.000000000000000000 ) ) ;
#1447 = AXIS2_PLACEMENT_3D ( 'NONE', #1166, #1969, #1374 ) ;
#1448 = AXIS2_PLACEMENT_3D ( 'NONE', #394, #1511, #1494 ) ;
#1449 = EDGE_LOOP ( 'NONE', ( #710, #1286, #315, #1699 ) ) ;
#1450 = AXIS2_PLACEMENT_3D ( 'NONE', #549, #73, #1373 ) ;
#1451 = AXIS2_PLACEMENT_3D ( 'NONE', #711, #1832, #1841 ) ;
#1452 = CARTESIAN_POINT ( 'NONE',  ( 99.99999999999997158, 7.500000000000000000, 102.6500000000000057 ) ) ;
#1453 = VECTOR ( 'NONE', #1378, 1000.000000000000000 ) ;
#1454 = CARTESIAN_POINT ( 'NONE',  ( 103.9999999999999858, 7.500000000000000000, -104.0000000000000000 ) ) ;
#1455 = CIRCLE ( 'NONE', #542, 4.199999999999995737 ) ;
#1456 = ORIENTED_EDGE ( 'NONE', *, *, #59, .F. ) ;
#1457 = CARTESIAN_POINT ( 'NONE',  ( 119.9999999999999716, 7.500000000000007105, 96.60000000000366072 ) ) ;
#1458 = DIRECTION ( 'NONE',  ( -0.000000000000000000, 1.000000000000000000, -0.000000000000000000 ) ) ;
#1459 = EDGE_CURVE ( 'NONE', #1490, #421, #309, .T. ) ;
#1460 = ORIENTED_EDGE ( 'NONE', *, *, #756, .F. ) ;
#1461 = DIRECTION ( 'NONE',  ( -0.000000000000000000, -1.000000000000000000, -0.000000000000000000 ) ) ;
#1462 = DIRECTION ( 'NONE',  ( -0.000000000000000000, 1.000000000000000000, -0.000000000000000000 ) ) ;
#1463 = CYLINDRICAL_SURFACE ( 'NONE', #1115, 4.199999999999995737 ) ;
#1464 = ORIENTED_EDGE ( 'NONE', *, *, #1058, .T. ) ;
#1465 = VERTEX_POINT ( 'NONE', #649 ) ;
#1466 = CARTESIAN_POINT ( 'NONE',  ( 99.99999999999997158, 7.500000000000000000, 100.0000000000000000 ) ) ;
#1467 = ORIENTED_EDGE ( 'NONE', *, *, #84, .F. ) ;
#1468 = DIRECTION ( 'NONE',  ( -0.000000000000000000, -1.000000000000000000, -0.000000000000000000 ) ) ;
#1469 = CARTESIAN_POINT ( 'NONE',  ( -68.74473510350190963, -7.500000000000007105, -115.7999999999988034 ) ) ;
#1470 = ADVANCED_FACE ( 'NONE', ( #956 ), #791, .F. ) ;
#1471 = DIRECTION ( 'NONE',  ( 1.000000000000000000, 0.000000000000000000, -0.000000000000000000 ) ) ;
#1472 = ORIENTED_EDGE ( 'NONE', *, *, #1361, .F. ) ;
#1473 = LINE ( 'NONE', #14, #49 ) ;
#1474 = DIRECTION ( 'NONE',  ( 1.000000000000000000, 0.000000000000000000, 0.000000000000000000 ) ) ;
#1475 = ORIENTED_EDGE ( 'NONE', *, *, #1774, .T. ) ;
#1476 = DIRECTION ( 'NONE',  ( -0.000000000000000000, -1.000000000000000000, -0.000000000000000000 ) ) ;
#1477 = EDGE_CURVE ( 'NONE', #1067, #250, #1036, .T. ) ;
#1478 = SURFACE_STYLE_USAGE ( .BOTH. , #511 ) ;
#1479 = PRODUCT_DEFINITION_SHAPE ( 'NONE', 'NONE',  #107 ) ;
#1480 = LINE ( 'NONE', #512, #1354 ) ;
#1481 = AXIS2_PLACEMENT_3D ( 'NONE', #655, #1775, #345 ) ;
#1482 = VECTOR ( 'NONE', #1020, 1000.000000000000000 ) ;
#1483 = CARTESIAN_POINT ( 'NONE',  ( 61.25526489649811168, 7.500000000000000000, 120.0000000000012221 ) ) ;
#1484 = ORIENTED_EDGE ( 'NONE', *, *, #1817, .T. ) ;
#1485 = AXIS2_PLACEMENT_3D ( 'NONE', #1466, #1601, #786 ) ;
#1486 = VECTOR ( 'NONE', #1617, 1000.000000000000000 ) ;
#1487 = DIRECTION ( 'NONE',  ( 0.000000000000000000, 0.000000000000000000, 1.000000000000000000 ) ) ;
#1488 = DIRECTION ( 'NONE',  ( 0.000000000000000000, 0.000000000000000000, 1.000000000000000000 ) ) ;
#1489 = CIRCLE ( 'NONE', #1938, 4.200000000000009059 ) ;
#1490 = VERTEX_POINT ( 'NONE', #2080 ) ;
#1491 = EDGE_CURVE ( 'NONE', #1042, #1805, #636, .T. ) ;
#1492 = DIRECTION ( 'NONE',  ( -0.000000000000000000, 1.000000000000000000, -0.000000000000000000 ) ) ;
#1493 = AXIS2_PLACEMENT_3D ( 'NONE', #850, #842, #1341 ) ;
#1494 = DIRECTION ( 'NONE',  ( 0.000000000000000000, 0.000000000000000000, -1.000000000000000000 ) ) ;
#1495 = DIRECTION ( 'NONE',  ( 0.000000000000000000, 0.000000000000000000, 1.000000000000000000 ) ) ;
#1496 = FACE_OUTER_BOUND ( 'NONE', #1019, .T. ) ;
#1497 = ORIENTED_EDGE ( 'NONE', *, *, #2086, .F. ) ;
#1498 = CARTESIAN_POINT ( 'NONE',  ( 23.99999999999990408, 7.500000000000007105, -49.99999999999474198 ) ) ;
#1499 = ADVANCED_FACE ( 'NONE', ( #815 ), #1463, .F. ) ;
#1500 = VERTEX_POINT ( 'NONE', #994 ) ;
#1501 = CARTESIAN_POINT ( 'NONE',  ( 101.2552648964981046, -7.500000000000007105, -74.99999999999290878 ) ) ;
#1502 = EDGE_CURVE ( 'NONE', #282, #665, #197, .T. ) ;
#1503 = DIRECTION ( 'NONE',  ( -0.000000000000000000, 1.000000000000000000, -0.000000000000000000 ) ) ;
#1504 = CARTESIAN_POINT ( 'NONE',  ( 104.0000000000000142, 7.500000000000000000, 150.0000000000000284 ) ) ;
#1505 = FACE_OUTER_BOUND ( 'NONE', #1433, .T. ) ;
#1506 = EDGE_LOOP ( 'NONE', ( #2070, #1704 ) ) ;
#1507 = CARTESIAN_POINT ( 'NONE',  ( 78.12658773652741218, 7.500000000000007105, 31.24999999999916866 ) ) ;
#1508 = VERTEX_POINT ( 'NONE', #1173 ) ;
#1509 = CARTESIAN_POINT ( 'NONE',  ( -150.0000000000000000, -7.500000000000000000, 104.0000000000000142 ) ) ;
#1510 = ADVANCED_FACE ( 'NONE', ( #1505 ), #187, .F. ) ;
#1511 = DIRECTION ( 'NONE',  ( -0.000000000000000000, -1.000000000000000000, -0.000000000000000000 ) ) ;
#1512 = AXIS2_PLACEMENT_3D ( 'NONE', #2059, #618, #1260 ) ;
#1513 = EDGE_CURVE ( 'NONE', #200, #435, #1830, .T. ) ;
#1514 = DIRECTION ( 'NONE',  ( 0.000000000000000000, 0.000000000000000000, 1.000000000000000000 ) ) ;
#1515 = EDGE_LOOP ( 'NONE', ( #654, #698, #563, #1102 ) ) ;
#1516 = CIRCLE ( 'NONE', #1346, 4.199999999999995737 ) ;
#1517 = DIRECTION ( 'NONE',  ( 0.000000000000000000, 0.000000000000000000, 1.000000000000000000 ) ) ;
#1518 = VECTOR ( 'NONE', #1610, 1000.000000000000000 ) ;
#1519 = AXIS2_PLACEMENT_3D ( 'NONE', #1125, #1136, #470 ) ;
#1520 = EDGE_LOOP ( 'NONE', ( #1848, #1788 ) ) ;
#1521 = CIRCLE ( 'NONE', #1766, 4.199999999999995737 ) ;
#1522 = AXIS2_PLACEMENT_3D ( 'NONE', #1002, #196, #1185 ) ;
#1523 = CARTESIAN_POINT ( 'NONE',  ( 149.9999999999999716, -7.500000000000000000, -150.0000000000000000 ) ) ;
#1524 = DIRECTION ( 'NONE',  ( -0.000000000000000000, 1.000000000000000000, -0.000000000000000000 ) ) ;
#1525 = CYLINDRICAL_SURFACE ( 'NONE', #1287, 5.249999999999893419 ) ;
#1526 = ORIENTED_EDGE ( 'NONE', *, *, #232, .T. ) ;
#1527 = LINE ( 'NONE', #726, #1453 ) ;
#1528 = ADVANCED_FACE ( 'NONE', ( #1155 ), #987, .F. ) ;
#1529 = DIRECTION ( 'NONE',  ( -0.000000000000000000, -1.000000000000000000, -0.000000000000000000 ) ) ;
#1530 = CARTESIAN_POINT ( 'NONE',  ( 101.2552648964981046, -7.500000000000007105, 75.00000000000012790 ) ) ;
#1531 =( NAMED_UNIT ( * ) PLANE_ANGLE_UNIT ( ) SI_UNIT ( $, .RADIAN. ) );
#1532 = DIRECTION ( 'NONE',  ( -0.000000000000000000, -1.000000000000000000, -0.000000000000000000 ) ) ;
#1533 = DIRECTION ( 'NONE',  ( -0.000000000000000000, -1.000000000000000000, -0.000000000000000000 ) ) ;
#1534 = ORIENTED_EDGE ( 'NONE', *, *, #1809, .F. ) ;
#1535 = FACE_OUTER_BOUND ( 'NONE', #489, .T. ) ;
#1536 = ORIENTED_EDGE ( 'NONE', *, *, #2086, .T. ) ;
#1537 = DIRECTION ( 'NONE',  ( 0.000000000000000000, 0.000000000000000000, -1.000000000000000000 ) ) ;
#1538 = EDGE_CURVE ( 'NONE', #1753, #471, #44, .T. ) ;
#1539 = ORIENTED_EDGE ( 'NONE', *, *, #407, .T. ) ;
#1540 = DIRECTION ( 'NONE',  ( -0.000000000000000000, -1.000000000000000000, -0.000000000000000000 ) ) ;
#1541 = DIRECTION ( 'NONE',  ( 0.000000000000000000, 0.000000000000000000, -1.000000000000000000 ) ) ;
#1542 = DIRECTION ( 'NONE',  ( -0.000000000000000000, -1.000000000000000000, -0.000000000000000000 ) ) ;
#1543 = VECTOR ( 'NONE', #1708, 1000.000000000000000 ) ;
#1544 = ORIENTED_EDGE ( 'NONE', *, *, #1264, .T. ) ;
#1545 = CARTESIAN_POINT ( 'NONE',  ( -68.74473510350190963, -7.500000000000007105, 120.0000000000012221 ) ) ;
#1546 = ORIENTED_EDGE ( 'NONE', *, *, #350, .T. ) ;
#1547 = VECTOR ( 'NONE', #251, 1000.000000000000000 ) ;
#1548 = AXIS2_PLACEMENT_3D ( 'NONE', #120, #1529, #1047 ) ;
#1549 = ORIENTED_EDGE ( 'NONE', *, *, #1182, .T. ) ;
#1550 = FACE_BOUND ( 'NONE', #959, .T. ) ;
#1551 = VECTOR ( 'NONE', #210, 1000.000000000000000 ) ;
#1552 = VERTEX_POINT ( 'NONE', #1808 ) ;
#1553 = DIRECTION ( 'NONE',  ( -0.000000000000000000, -1.000000000000000000, -0.000000000000000000 ) ) ;
#1554 = AXIS2_PLACEMENT_3D ( 'NONE', #1561, #92, #240 ) ;
#1555 = AXIS2_PLACEMENT_3D ( 'NONE', #1881, #1040, #1856 ) ;
#1556 = ADVANCED_FACE ( 'NONE', ( #1828 ), #844, .F. ) ;
#1557 = PLANE ( 'NONE',  #328 ) ;
#1558 = CARTESIAN_POINT ( 'NONE',  ( 99.99999999999997158, -7.500000000000000000, -102.6500000000000057 ) ) ;
#1559 = CIRCLE ( 'NONE', #403, 3.400000000000000355 ) ;
#1560 = ORIENTED_EDGE ( 'NONE', *, *, #1941, .F. ) ;
#1561 = CARTESIAN_POINT ( 'NONE',  ( 101.2552648964981046, 7.500000000000000000, -74.99999999999290878 ) ) ;
#1562 = EDGE_LOOP ( 'NONE', ( #202, #1288 ) ) ;
#1563 = EDGE_CURVE ( 'NONE', #1099, #847, #741, .T. ) ;
#1564 = EDGE_LOOP ( 'NONE', ( #1862, #1988 ) ) ;
#1565 = CYLINDRICAL_SURFACE ( 'NONE', #770, 3.400000000000000355 ) ;
#1566 = EDGE_LOOP ( 'NONE', ( #1857, #80 ) ) ;
#1567 = DIRECTION ( 'NONE',  ( -0.000000000000000000, -1.000000000000000000, -0.000000000000000000 ) ) ;
#1568 = ADVANCED_FACE ( 'NONE', ( #1496 ), #529, .F. ) ;
#1569 = CARTESIAN_POINT ( 'NONE',  ( 78.12658773652751165, 7.500000000000007105, -36.50000000000058975 ) ) ;
#1570 = DIRECTION ( 'NONE',  ( -0.000000000000000000, 1.000000000000000000, -0.000000000000000000 ) ) ;
#1571 = EDGE_LOOP ( 'NONE', ( #1084, #1680 ) ) ;
#1572 = DIRECTION ( 'NONE',  ( 0.000000000000000000, 0.000000000000000000, -1.000000000000000000 ) ) ;
#1573 = EDGE_LOOP ( 'NONE', ( #172, #1829, #776, #819 ) ) ;
#1574 = EDGE_LOOP ( 'NONE', ( #1146, #603, #1484, #1536 ) ) ;
#1575 = CARTESIAN_POINT ( 'NONE',  ( -68.74473510350190963, -7.500000000000007105, 124.2000000000012108 ) ) ;
#1576 = ADVANCED_FACE ( 'NONE', ( #1145 ), #824, .F. ) ;
#1577 = ORIENTED_EDGE ( 'NONE', *, *, #1459, .T. ) ;
#1578 = CARTESIAN_POINT ( 'NONE',  ( 78.12658773652751165, 7.500000000000007105, -26.00000000000060751 ) ) ;
#1579 = DIRECTION ( 'NONE',  ( -0.000000000000000000, 1.000000000000000000, -0.000000000000000000 ) ) ;
#1580 = LINE ( 'NONE', #114, #1695 ) ;
#1581 = EDGE_LOOP ( 'NONE', ( #2007, #1105, #1539, #1138 ) ) ;
#1582 = FACE_OUTER_BOUND ( 'NONE', #1631, .T. ) ;
#1583 = ORIENTED_EDGE ( 'NONE', *, *, #1459, .F. ) ;
#1584 = AXIS2_PLACEMENT_3D ( 'NONE', #181, #87, #1820 ) ;
#1585 = CARTESIAN_POINT ( 'NONE',  ( 149.9999999999999716, 7.500000000000000000, -150.0000000000000000 ) ) ;
#1586 = CARTESIAN_POINT ( 'NONE',  ( 99.99999999999997158, 7.500000000000000000, -100.0000000000000000 ) ) ;
#1587 = VECTOR ( 'NONE', #176, 1000.000000000000000 ) ;
#1588 = AXIS2_PLACEMENT_3D ( 'NONE', #1501, #1476, #41 ) ;
#1589 = ADVANCED_FACE ( 'NONE', ( #1188 ), #1977, .F. ) ;
#1590 = ORIENTED_EDGE ( 'NONE', *, *, #2101, .T. ) ;
#1591 = CARTESIAN_POINT ( 'NONE',  ( -150.0000000000000284, -7.500000000000000000, -150.0000000000000000 ) ) ;
#1592 = CIRCLE ( 'NONE', #399, 5.249999999999889866 ) ;
#1593 = FACE_BOUND ( 'NONE', #1564, .T. ) ;
#1594 = DIRECTION ( 'NONE',  ( 9.050731179009428576E-16, 0.000000000000000000, 1.000000000000000000 ) ) ;
#1595 = ADVANCED_FACE ( 'NONE', ( #1677 ), #1016, .F. ) ;
#1596 = AXIS2_PLACEMENT_3D ( 'NONE', #1635, #337, #206 ) ;
#1597 = DIRECTION ( 'NONE',  ( 0.000000000000000000, 0.000000000000000000, -1.000000000000000000 ) ) ;
#1598 = ORIENTED_EDGE ( 'NONE', *, *, #1646, .F. ) ;
#1599 = ADVANCED_FACE ( 'NONE', ( #1301 ), #357, .F. ) ;
#1600 = EDGE_LOOP ( 'NONE', ( #890, #1972, #217, #784 ) ) ;
#1601 = DIRECTION ( 'NONE',  ( -0.000000000000000000, 1.000000000000000000, -0.000000000000000000 ) ) ;
#1602 = ORIENTED_EDGE ( 'NONE', *, *, #1421, .T. ) ;
#1603 = CYLINDRICAL_SURFACE ( 'NONE', #1512, 5.249999999999893419 ) ;
#1604 = EDGE_CURVE ( 'NONE', #1711, #435, #1985, .T. ) ;
#1605 = CARTESIAN_POINT ( 'NONE',  ( 101.2552648964981046, 7.500000000000000000, 70.80000000000012506 ) ) ;
#1606 = CARTESIAN_POINT ( 'NONE',  ( -99.99999999999997158, 7.500000000000000000, 100.0000000000000000 ) ) ;
#1607 = ORIENTED_EDGE ( 'NONE', *, *, #1651, .F. ) ;
#1608 = FACE_OUTER_BOUND ( 'NONE', #449, .T. ) ;
#1609 = EDGE_CURVE ( 'NONE', #1967, #327, #981, .T. ) ;
#1610 = DIRECTION ( 'NONE',  ( -0.000000000000000000, 1.000000000000000000, -0.000000000000000000 ) ) ;
#1611 = VERTEX_POINT ( 'NONE', #410 ) ;
#1612 = EDGE_CURVE ( 'NONE', #905, #165, #60, .T. ) ;
#1613 =( LENGTH_UNIT ( ) NAMED_UNIT ( * ) SI_UNIT ( .MILLI., .METRE. ) );
#1614 = LINE ( 'NONE', #607, #440 ) ;
#1615 = ORIENTED_EDGE ( 'NONE', *, *, #679, .F. ) ;
#1616 = EDGE_CURVE ( 'NONE', #1735, #910, #749, .T. ) ;
#1617 = DIRECTION ( 'NONE',  ( 9.251858538542970348E-17, 0.000000000000000000, 1.000000000000000000 ) ) ;
#1618 = EDGE_LOOP ( 'NONE', ( #969, #1400 ) ) ;
#1619 = VERTEX_POINT ( 'NONE', #1229 ) ;
#1620 = CARTESIAN_POINT ( 'NONE',  ( -99.99999999999997158, 7.500000000000000000, -102.6500000000000057 ) ) ;
#1621 = AXIS2_PLACEMENT_3D ( 'NONE', #659, #161, #785 ) ;
#1622 = VECTOR ( 'NONE', #1199, 1000.000000000000000 ) ;
#1623 = ORIENTED_EDGE ( 'NONE', *, *, #1960, .F. ) ;
#1624 = VECTOR ( 'NONE', #1747, 1000.000000000000000 ) ;
#1625 = CARTESIAN_POINT ( 'NONE',  ( -99.99999999999997158, -7.500000000000000000, -97.35000000000000853 ) ) ;
#1626 = AXIS2_PLACEMENT_3D ( 'NONE', #1910, #1427, #162 ) ;
#1627 = CYLINDRICAL_SURFACE ( 'NONE', #29, 4.200000000000009059 ) ;
#1628 = AXIS2_PLACEMENT_3D ( 'NONE', #1195, #1402, #423 ) ;
#1629 = CARTESIAN_POINT ( 'NONE',  ( 61.25526489649799800, 7.500000000000000000, -119.9999999999988063 ) ) ;
#1630 = ORIENTED_EDGE ( 'NONE', *, *, #1113, .F. ) ;
#1631 = EDGE_LOOP ( 'NONE', ( #142, #743, #45, #2036 ) ) ;
#1632 = DIRECTION ( 'NONE',  ( 0.000000000000000000, 0.000000000000000000, 1.000000000000000000 ) ) ;
#1633 = ORIENTED_EDGE ( 'NONE', *, *, #486, .F. ) ;
#1634 = EDGE_CURVE ( 'NONE', #250, #1067, #1489, .T. ) ;
#1635 = CARTESIAN_POINT ( 'NONE',  ( -108.7447351035018812, 7.500000000000000000, 75.00000000000001421 ) ) ;
#1636 = DIRECTION ( 'NONE',  ( 0.000000000000000000, 0.000000000000000000, -1.000000000000000000 ) ) ;
#1637 = VERTEX_POINT ( 'NONE', #1847 ) ;
#1638 = DIRECTION ( 'NONE',  ( 0.000000000000000000, 0.000000000000000000, -1.000000000000000000 ) ) ;
#1639 = DIRECTION ( 'NONE',  ( 0.000000000000000000, 0.000000000000000000, -1.000000000000000000 ) ) ;
#1640 = ORIENTED_EDGE ( 'NONE', *, *, #191, .F. ) ;
#1641 = EDGE_CURVE ( 'NONE', #126, #1033, #1181, .T. ) ;
#1642 = CARTESIAN_POINT ( 'NONE',  ( -99.99999999999997158, -7.500000000000000000, -100.0000000000000000 ) ) ;
#1643 = DIRECTION ( 'NONE',  ( -0.000000000000000000, -1.000000000000000000, -0.000000000000000000 ) ) ;
#1644 = CARTESIAN_POINT ( 'NONE',  ( -68.74473510350190963, -7.500000000000007105, -119.9999999999988063 ) ) ;
#1645 = ORIENTED_EDGE ( 'NONE', *, *, #1132, .F. ) ;
#1646 = EDGE_CURVE ( 'NONE', #1078, #2099, #1012, .T. ) ;
#1647 = DIRECTION ( 'NONE',  ( -0.000000000000000000, 1.000000000000000000, -0.000000000000000000 ) ) ;
#1648 = LINE ( 'NONE', #61, #570 ) ;
#1649 = ORIENTED_EDGE ( 'NONE', *, *, #1502, .T. ) ;
#1650 = CARTESIAN_POINT ( 'NONE',  ( 119.9999999999999716, 7.500000000000007105, -103.3999999999963535 ) ) ;
#1651 = EDGE_CURVE ( 'NONE', #1490, #248, #1375, .T. ) ;
#1652 = AXIS2_PLACEMENT_3D ( 'NONE', #31, #2021, #1157 ) ;
#1653 = CARTESIAN_POINT ( 'NONE',  ( -26.00000000000015632, -7.500000000000006217, 5.250000000005146994 ) ) ;
#1654 = DIRECTION ( 'NONE',  ( -0.000000000000000000, -1.000000000000000000, -0.000000000000000000 ) ) ;
#1655 = AXIS2_PLACEMENT_3D ( 'NONE', #1530, #1340, #1049 ) ;
#1656 = EDGE_CURVE ( 'NONE', #1042, #1092, #949, .T. ) ;
#1657 = AXIS2_PLACEMENT_3D ( 'NONE', #1192, #222, #567 ) ;
#1658 = DIRECTION ( 'NONE',  ( -0.000000000000000000, -1.000000000000000000, -0.000000000000000000 ) ) ;
#1659 = EDGE_CURVE ( 'NONE', #1735, #173, #575, .T. ) ;
#1660 = EDGE_LOOP ( 'NONE', ( #1623, #2076, #1124, #2061 ) ) ;
#1661 = AXIS2_PLACEMENT_3D ( 'NONE', #1507, #1348, #1517 ) ;
#1662 = AXIS2_PLACEMENT_3D ( 'NONE', #117, #760, #1411 ) ;
#1663 = CARTESIAN_POINT ( 'NONE',  ( 119.9999999999999716, -7.500000000000000000, 100.0000000000036522 ) ) ;
#1664 = VECTOR ( 'NONE', #1870, 1000.000000000000000 ) ;
#1665 = ORIENTED_EDGE ( 'NONE', *, *, #1538, .T. ) ;
#1666 = FACE_OUTER_BOUND ( 'NONE', #94, .T. ) ;
#1667 = EDGE_CURVE ( 'NONE', #650, #471, #1399, .T. ) ;
#1668 = FACE_OUTER_BOUND ( 'NONE', #1600, .T. ) ;
#1669 = DIRECTION ( 'NONE',  ( -0.000000000000000000, 1.000000000000000000, -0.000000000000000000 ) ) ;
#1670 = CARTESIAN_POINT ( 'NONE',  ( 99.99999999999997158, 7.500000000000000000, -102.6500000000000057 ) ) ;
#1671 = VERTEX_POINT ( 'NONE', #104 ) ;
#1672 = DIRECTION ( 'NONE',  ( -0.000000000000000000, -1.000000000000000000, -0.000000000000000000 ) ) ;
#1673 = ORIENTED_EDGE ( 'NONE', *, *, #569, .T. ) ;
#1674 = DIRECTION ( 'NONE',  ( 0.000000000000000000, 0.000000000000000000, -1.000000000000000000 ) ) ;
#1675 = EDGE_CURVE ( 'NONE', #1850, #754, #1521, .T. ) ;
#1676 = CARTESIAN_POINT ( 'NONE',  ( -150.0000000000000000, 7.500000000000000000, 104.0000000000000142 ) ) ;
#1677 = FACE_OUTER_BOUND ( 'NONE', #1702, .T. ) ;
#1678 = ORIENTED_EDGE ( 'NONE', *, *, #12, .T. ) ;
#1679 = CARTESIAN_POINT ( 'NONE',  ( -104.0000000000000142, -7.500000000000000000, 150.0000000000000284 ) ) ;
#1680 = ORIENTED_EDGE ( 'NONE', *, *, #295, .F. ) ;
#1681 = DIRECTION ( 'NONE',  ( 0.000000000000000000, 0.000000000000000000, 1.000000000000000000 ) ) ;
#1682 = CYLINDRICAL_SURFACE ( 'NONE', #1450, 2.649999999999999467 ) ;
#1683 = ADVANCED_FACE ( 'NONE', ( #247 ), #1525, .F. ) ;
#1684 = AXIS2_PLACEMENT_3D ( 'NONE', #793, #1303, #1956 ) ;
#1685 = CARTESIAN_POINT ( 'NONE',  ( -108.7447351035018812, 7.500000000000000000, 79.20000000000000284 ) ) ;
#1686 = COLOUR_RGB ( '',0.7921568627450980005, 0.8196078431372548767, 0.9333333333333333481 ) ;
#1687 = DIRECTION ( 'NONE',  ( 0.000000000000000000, 0.000000000000000000, -1.000000000000000000 ) ) ;
#1688 = VERTEX_POINT ( 'NONE', #1390 ) ;
#1689 = VECTOR ( 'NONE', #920, 1000.000000000000000 ) ;
#1690 = CARTESIAN_POINT ( 'NONE',  ( 23.99999999999990408, -7.500000000000007105, -55.24999999999463540 ) ) ;
#1691 = CIRCLE ( 'NONE', #1417, 4.200000000000009059 ) ;
#1692 = AXIS2_PLACEMENT_3D ( 'NONE', #1545, #1859, #1369 ) ;
#1693 = ORIENTED_EDGE ( 'NONE', *, *, #2038, .F. ) ;
#1694 = DIRECTION ( 'NONE',  ( 0.000000000000000000, 0.000000000000000000, -1.000000000000000000 ) ) ;
#1695 = VECTOR ( 'NONE', #1946, 1000.000000000000000 ) ;
#1696 = CARTESIAN_POINT ( 'NONE',  ( -26.00000000000015632, 7.500000000000007105, 5.250000000005146994 ) ) ;
#1697 = PLANE ( 'NONE',  #1584 ) ;
#1698 = CARTESIAN_POINT ( 'NONE',  ( 23.99999999999990408, -7.500000000000007105, -49.99999999999474198 ) ) ;
#1699 = ORIENTED_EDGE ( 'NONE', *, *, #1329, .T. ) ;
#1700 = EDGE_CURVE ( 'NONE', #1092, #1403, #2033, .T. ) ;
#1701 = FACE_OUTER_BOUND ( 'NONE', #402, .T. ) ;
#1702 = EDGE_LOOP ( 'NONE', ( #1733, #724, #227, #192 ) ) ;
#1703 = CARTESIAN_POINT ( 'NONE',  ( -120.0000000000000284, 7.500000000000007105, 100.0000000000036522 ) ) ;
#1704 = ORIENTED_EDGE ( 'NONE', *, *, #744, .F. ) ;
#1705 = DIRECTION ( 'NONE',  ( 0.000000000000000000, 1.000000000000000000, 0.000000000000000000 ) ) ;
#1706 = CARTESIAN_POINT ( 'NONE',  ( 0.000000000000000000, 0.000000000000000000, 0.000000000000000000 ) ) ;
#1707 = EDGE_CURVE ( 'NONE', #847, #421, #1193, .T. ) ;
#1708 = DIRECTION ( 'NONE',  ( -0.000000000000000000, 1.000000000000000000, -0.000000000000000000 ) ) ;
#1709 = CARTESIAN_POINT ( 'NONE',  ( -108.7447351035018812, -7.500000000000007105, 75.00000000000001421 ) ) ;
#1710 = EDGE_LOOP ( 'NONE', ( #388, #404 ) ) ;
#1711 = VERTEX_POINT ( 'NONE', #1558 ) ;
#1712 = DIRECTION ( 'NONE',  ( 0.000000000000000000, -1.000000000000000000, 0.000000000000000000 ) ) ;
#1713 = EDGE_CURVE ( 'NONE', #1403, #1805, #1833, .T. ) ;
#1714 = ORIENTED_EDGE ( 'NONE', *, *, #16, .F. ) ;
#1715 = FACE_OUTER_BOUND ( 'NONE', #976, .T. ) ;
#1716 = CARTESIAN_POINT ( 'NONE',  ( -30.12658773652751165, -7.500000000000000000, -31.25000000000092371 ) ) ;
#1717 = DIRECTION ( 'NONE',  ( -0.000000000000000000, 1.000000000000000000, -0.000000000000000000 ) ) ;
#1718 = ORIENTED_EDGE ( 'NONE', *, *, #1700, .F. ) ;
#1719 = AXIS2_PLACEMENT_3D ( 'NONE', #386, #379, #557 ) ;
#1720 = CARTESIAN_POINT ( 'NONE',  ( 73.99999999999988631, 7.500000000000007105, 5.250000000005274892 ) ) ;
#1721 = ORIENTED_EDGE ( 'NONE', *, *, #407, .F. ) ;
#1722 = VECTOR ( 'NONE', #63, 1000.000000000000000 ) ;
#1723 = AXIS2_PLACEMENT_3D ( 'NONE', #174, #818, #153 ) ;
#1724 = ORIENTED_EDGE ( 'NONE', *, *, #427, .F. ) ;
#1725 = FACE_BOUND ( 'NONE', #1305, .T. ) ;
#1726 = CIRCLE ( 'NONE', #609, 4.199999999999995737 ) ;
#1727 = EDGE_LOOP ( 'NONE', ( #865, #1111 ) ) ;
#1728 = DIRECTION ( 'NONE',  ( 9.251858538542970348E-17, 0.000000000000000000, 1.000000000000000000 ) ) ;
#1729 = CIRCLE ( 'NONE', #809, 46.00000000000000000 ) ;
#1730 = CIRCLE ( 'NONE', #645, 4.199999999999995737 ) ;
#1731 = LINE ( 'NONE', #1569, #128 ) ;
#1732 = FACE_OUTER_BOUND ( 'NONE', #2102, .T. ) ;
#1733 = ORIENTED_EDGE ( 'NONE', *, *, #1616, .F. ) ;
#1734 = DIRECTION ( 'NONE',  ( 0.000000000000000000, 0.000000000000000000, -1.000000000000000000 ) ) ;
#1735 = VERTEX_POINT ( 'NONE', #596 ) ;
#1736 = EDGE_LOOP ( 'NONE', ( #444, #898 ) ) ;
#1737 = FACE_BOUND ( 'NONE', #1710, .T. ) ;
#1738 = EDGE_LOOP ( 'NONE', ( #1089, #691, #810, #522 ) ) ;
#1739 = CARTESIAN_POINT ( 'NONE',  ( 78.12658773652741218, 7.500000000000007105, 36.49999999999916156 ) ) ;
#1740 = DIRECTION ( 'NONE',  ( 0.000000000000000000, 0.000000000000000000, 1.000000000000000000 ) ) ;
#1741 = DIRECTION ( 'NONE',  ( 0.000000000000000000, 0.000000000000000000, 1.000000000000000000 ) ) ;
#1742 = EDGE_LOOP ( 'NONE', ( #1665, #496, #1577, #1886, #1792, #147, #1929, #2063 ) ) ;
#1743 = DIRECTION ( 'NONE',  ( -0.000000000000000000, 1.000000000000000000, -0.000000000000000000 ) ) ;
#1744 = EDGE_LOOP ( 'NONE', ( #100, #950, #953, #1234 ) ) ;
#1745 = DIRECTION ( 'NONE',  ( 0.000000000000000000, 1.000000000000000000, 0.000000000000000000 ) ) ;
#1746 = ORIENTED_EDGE ( 'NONE', *, *, #1015, .F. ) ;
#1747 = DIRECTION ( 'NONE',  ( -0.000000000000000000, 1.000000000000000000, -0.000000000000000000 ) ) ;
#1748 = FILL_AREA_STYLE_COLOUR ( '', #1686 ) ;
#1749 = EDGE_CURVE ( 'NONE', #2018, #1010, #872, .T. ) ;
#1750 = DIRECTION ( 'NONE',  ( -0.000000000000000000, -1.000000000000000000, -0.000000000000000000 ) ) ;
#1751 = ORIENTED_EDGE ( 'NONE', *, *, #1502, .F. ) ;
#1752 = CARTESIAN_POINT ( 'NONE',  ( -30.12658773652755428, 7.500000000000007105, 25.99999999999909406 ) ) ;
#1753 = VERTEX_POINT ( 'NONE', #2003 ) ;
#1754 = ORIENTED_EDGE ( 'NONE', *, *, #1604, .T. ) ;
#1755 = FACE_OUTER_BOUND ( 'NONE', #718, .T. ) ;
#1756 = CIRCLE ( 'NONE', #2082, 4.199999999999995737 ) ;
#1757 = CIRCLE ( 'NONE', #606, 5.249999999999991118 ) ;
#1758 = VERTEX_POINT ( 'NONE', #1077 ) ;
#1759 = CARTESIAN_POINT ( 'NONE',  ( 61.25526489649799800, -7.500000000000007105, -115.7999999999987892 ) ) ;
#1760 = CIRCLE ( 'NONE', #837, 4.199999999999995737 ) ;
#1761 = ADVANCED_FACE ( 'NONE', ( #1732 ), #272, .T. ) ;
#1762 = CIRCLE ( 'NONE', #1798, 4.200000000000009059 ) ;
#1763 = FACE_BOUND ( 'NONE', #577, .T. ) ;
#1764 = CARTESIAN_POINT ( 'NONE',  ( 104.0000000000000142, 7.500000000000000000, 150.0000000000000284 ) ) ;
#1765 = ORIENTED_EDGE ( 'NONE', *, *, #1186, .F. ) ;
#1766 = AXIS2_PLACEMENT_3D ( 'NONE', #1709, #434, #895 ) ;
#1767 = PRODUCT_DEFINITION_FORMATION_WITH_SPECIFIED_SOURCE ( 'ANY', '', #1308, .NOT_KNOWN. ) ;
#1768 = DIRECTION ( 'NONE',  ( 0.000000000000000000, 0.000000000000000000, 1.000000000000000000 ) ) ;
#1769 = VERTEX_POINT ( 'NONE', #885 ) ;
#1770 = EDGE_CURVE ( 'NONE', #1151, #634, #1317, .T. ) ;
#1771 = EDGE_LOOP ( 'NONE', ( #1951, #629 ) ) ;
#1772 = CARTESIAN_POINT ( 'NONE',  ( -108.7447351035018812, 7.500000000000000000, 70.80000000000001137 ) ) ;
#1773 = ORIENTED_EDGE ( 'NONE', *, *, #1271, .F. ) ;
#1774 = EDGE_CURVE ( 'NONE', #1313, #327, #1614, .T. ) ;
#1775 = DIRECTION ( 'NONE',  ( -0.000000000000000000, 1.000000000000000000, -0.000000000000000000 ) ) ;
#1776 = DIRECTION ( 'NONE',  ( -0.000000000000000000, 1.000000000000000000, -0.000000000000000000 ) ) ;
#1777 = UNCERTAINTY_MEASURE_WITH_UNIT (LENGTH_MEASURE( 1.000000000000000082E-05 ), #74, 'distance_accuracy_value', 'NONE');
#1778 = EDGE_LOOP ( 'NONE', ( #398, #803 ) ) ;
#1779 = CARTESIAN_POINT ( 'NONE',  ( -68.74473510350190963, -7.500000000000007105, -124.1999999999987949 ) ) ;
#1780 = VERTEX_POINT ( 'NONE', #157 ) ;
#1781 = LINE ( 'NONE', #622, #1248 ) ;
#1782 = DIRECTION ( 'NONE',  ( 0.000000000000000000, 0.000000000000000000, 1.000000000000000000 ) ) ;
#1783 = EDGE_CURVE ( 'NONE', #1240, #1156, #1281, .T. ) ;
#1784 = ORIENTED_EDGE ( 'NONE', *, *, #731, .T. ) ;
#1785 = DIRECTION ( 'NONE',  ( 0.000000000000000000, 0.000000000000000000, -1.000000000000000000 ) ) ;
#1786 = DIRECTION ( 'NONE',  ( -0.000000000000000000, -1.000000000000000000, -0.000000000000000000 ) ) ;
#1787 = DIRECTION ( 'NONE',  ( 0.000000000000000000, -1.000000000000000000, 0.000000000000000000 ) ) ;
#1788 = ORIENTED_EDGE ( 'NONE', *, *, #1713, .F. ) ;
#1789 = ORIENTED_EDGE ( 'NONE', *, *, #371, .T. ) ;
#1790 = CYLINDRICAL_SURFACE ( 'NONE', #2055, 2.649999999999999467 ) ;
#1791 = CIRCLE ( 'NONE', #1143, 5.249999999999997335 ) ;
#1792 = ORIENTED_EDGE ( 'NONE', *, *, #591, .T. ) ;
#1793 = CIRCLE ( 'NONE', #904, 46.00000000000001421 ) ;
#1794 = ADVANCED_FACE ( 'NONE', ( #1420 ), #789, .F. ) ;
#1795 = CARTESIAN_POINT ( 'NONE',  ( 78.12658773652741218, -7.500000000000000000, 31.24999999999916866 ) ) ;
#1796 = VECTOR ( 'NONE', #1885, 1000.000000000000000 ) ;
#1797 = CARTESIAN_POINT ( 'NONE',  ( -30.12658773652755428, 7.500000000000006217, 25.99999999999909406 ) ) ;
#1798 = AXIS2_PLACEMENT_3D ( 'NONE', #413, #1031, #1572 ) ;
#1799 = DIRECTION ( 'NONE',  ( -0.000000000000000000, -1.000000000000000000, -0.000000000000000000 ) ) ;
#1800 = VECTOR ( 'NONE', #292, 1000.000000000000000 ) ;
#1801 = VERTEX_POINT ( 'NONE', #632 ) ;
#1802 = AXIS2_PLACEMENT_3D ( 'NONE', #1964, #1654, #1953 ) ;
#1803 = CYLINDRICAL_SURFACE ( 'NONE', #2020, 5.249999999999889866 ) ;
#1804 = CARTESIAN_POINT ( 'NONE',  ( -30.12658773652755428, 7.500000000000006217, 36.49999999999909051 ) ) ;
#1805 = VERTEX_POINT ( 'NONE', #2060 ) ;
#1806 = DIRECTION ( 'NONE',  ( -0.000000000000000000, -1.000000000000000000, -0.000000000000000000 ) ) ;
#1807 = CYLINDRICAL_SURFACE ( 'NONE', #1522, 4.199999999999995737 ) ;
#1808 = CARTESIAN_POINT ( 'NONE',  ( 119.9999999999999716, -7.500000000000000000, -96.59999999999635634 ) ) ;
#1809 = EDGE_CURVE ( 'NONE', #1688, #1024, #468, .T. ) ;
#1810 = EDGE_LOOP ( 'NONE', ( #2079, #111 ) ) ;
#1811 = DIRECTION ( 'NONE',  ( -0.000000000000000000, -1.000000000000000000, -0.000000000000000000 ) ) ;
#1812 = FACE_OUTER_BOUND ( 'NONE', #1884, .T. ) ;
#1813 = ORIENTED_EDGE ( 'NONE', *, *, #51, .F. ) ;
#1814 = DIRECTION ( 'NONE',  ( 0.000000000000000000, 0.000000000000000000, 1.000000000000000000 ) ) ;
#1815 = DIRECTION ( 'NONE',  ( -0.000000000000000000, -1.000000000000000000, -0.000000000000000000 ) ) ;
#1816 = CARTESIAN_POINT ( 'NONE',  ( 78.12658773652751165, 7.500000000000006217, -31.25000000000059686 ) ) ;
#1817 = EDGE_CURVE ( 'NONE', #2073, #958, #923, .T. ) ;
#1818 = DIRECTION ( 'NONE',  ( 0.000000000000000000, 0.000000000000000000, -1.000000000000000000 ) ) ;
#1819 = EDGE_LOOP ( 'NONE', ( #487, #917 ) ) ;
#1820 = DIRECTION ( 'NONE',  ( -1.000000000000000000, 0.000000000000000000, -0.000000000000000000 ) ) ;
#1821 = DIRECTION ( 'NONE',  ( 0.000000000000000000, 0.000000000000000000, -1.000000000000000000 ) ) ;
#1822 = EDGE_LOOP ( 'NONE', ( #145, #759 ) ) ;
#1823 = DIRECTION ( 'NONE',  ( -0.000000000000000000, -1.000000000000000000, -0.000000000000000000 ) ) ;
#1824 = AXIS2_PLACEMENT_3D ( 'NONE', #1162, #1815, #355 ) ;
#1825 = CARTESIAN_POINT ( 'NONE',  ( 99.99999999999997158, 7.500000000000000000, 97.35000000000000853 ) ) ;
#1826 = DIRECTION ( 'NONE',  ( -0.000000000000000000, 1.000000000000000000, -0.000000000000000000 ) ) ;
#1827 = AXIS2_PLACEMENT_3D ( 'NONE', #417, #765, #594 ) ;
#1828 = FACE_OUTER_BOUND ( 'NONE', #964, .T. ) ;
#1829 = ORIENTED_EDGE ( 'NONE', *, *, #12, .F. ) ;
#1830 = CIRCLE ( 'NONE', #806, 2.649999999999999467 ) ;
#1831 = CIRCLE ( 'NONE', #1662, 2.649999999999999467 ) ;
#1832 = DIRECTION ( 'NONE',  ( -0.000000000000000000, -1.000000000000000000, -0.000000000000000000 ) ) ;
#1833 = CIRCLE ( 'NONE', #2094, 2.649999999999999467 ) ;
#1834 = EDGE_LOOP ( 'NONE', ( #1255, #948, #1376, #1693 ) ) ;
#1835 = CARTESIAN_POINT ( 'NONE',  ( 23.99999999999990408, -7.500000000000007105, -49.99999999999474198 ) ) ;
#1836 = VECTOR ( 'NONE', #656, 1000.000000000000000 ) ;
#1837 = FACE_OUTER_BOUND ( 'NONE', #2037, .T. ) ;
#1838 = EDGE_CURVE ( 'NONE', #344, #661, #138, .T. ) ;
#1839 = CARTESIAN_POINT ( 'NONE',  ( -30.12658773652751165, 7.500000000000007105, -31.25000000000092371 ) ) ;
#1840 = ORIENTED_EDGE ( 'NONE', *, *, #940, .T. ) ;
#1841 = DIRECTION ( 'NONE',  ( 0.000000000000000000, 0.000000000000000000, -1.000000000000000000 ) ) ;
#1842 = VERTEX_POINT ( 'NONE', #619 ) ;
#1843 = EDGE_CURVE ( 'NONE', #244, #2023, #1455, .T. ) ;
#1844 = CYLINDRICAL_SURFACE ( 'NONE', #223, 5.249999999999893419 ) ;
#1845 = EDGE_CURVE ( 'NONE', #248, #650, #1729, .T. ) ;
#1846 = CARTESIAN_POINT ( 'NONE',  ( 99.99999999999997158, 7.500000000000000000, -102.6500000000000057 ) ) ;
#1847 = CARTESIAN_POINT ( 'NONE',  ( -26.00000000000015632, 7.500000000000007105, -5.249999999994632738 ) ) ;
#1848 = ORIENTED_EDGE ( 'NONE', *, *, #805, .F. ) ;
#1849 = CARTESIAN_POINT ( 'NONE',  ( 101.2552648964981046, 7.500000000000000000, -79.19999999999289741 ) ) ;
#1850 = VERTEX_POINT ( 'NONE', #141 ) ;
#1851 = CARTESIAN_POINT ( 'NONE',  ( -99.99999999999997158, 7.500000000000000000, 100.0000000000000000 ) ) ;
#1852 = CARTESIAN_POINT ( 'NONE',  ( 101.2552648964981046, -7.500000000000007105, 70.80000000000012506 ) ) ;
#1853 = VECTOR ( 'NONE', #1296, 1000.000000000000000 ) ;
#1854 = LINE ( 'NONE', #515, #531 ) ;
#1855 = CIRCLE ( 'NONE', #1448, 5.249999999999893419 ) ;
#1856 = DIRECTION ( 'NONE',  ( 0.000000000000000000, 0.000000000000000000, 1.000000000000000000 ) ) ;
#1857 = ORIENTED_EDGE ( 'NONE', *, *, #578, .T. ) ;
#1858 = AXIS2_PLACEMENT_3D ( 'NONE', #779, #1259, #446 ) ;
#1859 = DIRECTION ( 'NONE',  ( -0.000000000000000000, -1.000000000000000000, -0.000000000000000000 ) ) ;
#1860 = AXIS2_PLACEMENT_3D ( 'NONE', #1498, #1018, #835 ) ;
#1861 = AXIS2_PLACEMENT_3D ( 'NONE', #1114, #965, #1768 ) ;
#1862 = ORIENTED_EDGE ( 'NONE', *, *, #252, .T. ) ;
#1863 = CARTESIAN_POINT ( 'NONE',  ( 23.99999999999992895, -7.500000000000006217, 55.24999999999916156 ) ) ;
#1864 = EDGE_CURVE ( 'NONE', #915, #1711, #1966, .T. ) ;
#1865 = VECTOR ( 'NONE', #822, 1000.000000000000000 ) ;
#1866 = ORIENTED_EDGE ( 'NONE', *, *, #1707, .F. ) ;
#1867 = CARTESIAN_POINT ( 'NONE',  ( 78.12658773652751165, 7.500000000000006217, -36.50000000000058975 ) ) ;
#1868 = APPLICATION_PROTOCOL_DEFINITION ( 'draft international standard', 'automotive_design', 1998, #651 ) ;
#1869 = LINE ( 'NONE', #667, #1543 ) ;
#1870 = DIRECTION ( 'NONE',  ( -0.000000000000000000, 1.000000000000000000, -0.000000000000000000 ) ) ;
#1871 = ORIENTED_EDGE ( 'NONE', *, *, #1809, .T. ) ;
#1872 = EDGE_CURVE ( 'NONE', #451, #1226, #708, .T. ) ;
#1873 = LINE ( 'NONE', #914, #1178 ) ;
#1874 = EDGE_LOOP ( 'NONE', ( #1986, #1422 ) ) ;
#1875 = ORIENTED_EDGE ( 'NONE', *, *, #422, .F. ) ;
#1876 = FACE_BOUND ( 'NONE', #926, .T. ) ;
#1877 = VERTEX_POINT ( 'NONE', #1605 ) ;
#1878 = ADVANCED_FACE ( 'NONE', ( #647 ), #448, .F. ) ;
#1879 = CARTESIAN_POINT ( 'NONE',  ( 101.2552648964981046, 7.500000000000000000, 75.00000000000012790 ) ) ;
#1880 = FACE_BOUND ( 'NONE', #1282, .T. ) ;
#1881 = CARTESIAN_POINT ( 'NONE',  ( -99.99999999999997158, -7.500000000000000000, 100.0000000000000000 ) ) ;
#1882 = DIRECTION ( 'NONE',  ( -0.000000000000000000, 1.000000000000000000, -0.000000000000000000 ) ) ;
#1883 = ADVANCED_FACE ( 'NONE', ( #1110 ), #1293, .F. ) ;
#1884 = EDGE_LOOP ( 'NONE', ( #600, #1061, #238, #1892 ) ) ;
#1885 = DIRECTION ( 'NONE',  ( -0.000000000000000000, -1.000000000000000000, -0.000000000000000000 ) ) ;
#1886 = ORIENTED_EDGE ( 'NONE', *, *, #912, .T. ) ;
#1887 = DIRECTION ( 'NONE',  ( 0.000000000000000000, 0.000000000000000000, 1.000000000000000000 ) ) ;
#1888 = EDGE_CURVE ( 'NONE', #1688, #838, #1252, .T. ) ;
#1889 = FACE_BOUND ( 'NONE', #1566, .T. ) ;
#1890 = DIRECTION ( 'NONE',  ( 0.000000000000000000, 0.000000000000000000, 1.000000000000000000 ) ) ;
#1891 = EDGE_CURVE ( 'NONE', #1711, #915, #139, .T. ) ;
#1892 = ORIENTED_EDGE ( 'NONE', *, *, #1200, .T. ) ;
#1893 = AXIS2_PLACEMENT_3D ( 'NONE', #1974, #1806, #1785 ) ;
#1894 = CARTESIAN_POINT ( 'NONE',  ( 23.99999999999992895, 7.500000000000007105, 55.24999999999916156 ) ) ;
#1895 = ORIENTED_EDGE ( 'NONE', *, *, #1843, .T. ) ;
#1896 = VECTOR ( 'NONE', #1213, 1000.000000000000000 ) ;
#1897 = AXIS2_PLACEMENT_3D ( 'NONE', #968, #1458, #1149 ) ;
#1898 = ORIENTED_EDGE ( 'NONE', *, *, #497, .F. ) ;
#1899 = AXIS2_PLACEMENT_3D ( 'NONE', #2074, #152, #2083 ) ;
#1900 = FACE_BOUND ( 'NONE', #1571, .T. ) ;
#1901 = EDGE_CURVE ( 'NONE', #693, #451, #1580, .T. ) ;
#1902 = VERTEX_POINT ( 'NONE', #1764 ) ;
#1903 = CARTESIAN_POINT ( 'NONE',  ( 78.12658773652751165, -7.500000000000000000, -31.25000000000059686 ) ) ;
#1904 = DIRECTION ( 'NONE',  ( 0.000000000000000000, 1.000000000000000000, 0.000000000000000000 ) ) ;
#1905 = DIRECTION ( 'NONE',  ( -0.000000000000000000, 1.000000000000000000, -0.000000000000000000 ) ) ;
#1906 = EDGE_LOOP ( 'NONE', ( #817, #1871, #1602, #1472 ) ) ;
#1907 = CARTESIAN_POINT ( 'NONE',  ( 119.9999999999999716, -7.500000000000000000, -103.3999999999963535 ) ) ;
#1908 = VERTEX_POINT ( 'NONE', #492 ) ;
#1909 = ORIENTED_EDGE ( 'NONE', *, *, #1104, .F. ) ;
#1910 = CARTESIAN_POINT ( 'NONE',  ( -104.0000000000000142, 7.500000000000000000, 104.0000000000000284 ) ) ;
#1911 = EDGE_CURVE ( 'NONE', #165, #905, #1730, .T. ) ;
#1912 = ORIENTED_EDGE ( 'NONE', *, *, #131, .T. ) ;
#1913 = DIRECTION ( 'NONE',  ( -0.000000000000000000, -1.000000000000000000, -0.000000000000000000 ) ) ;
#1914 = FACE_BOUND ( 'NONE', #1996, .T. ) ;
#1915 = DIRECTION ( 'NONE',  ( 0.000000000000000000, 0.000000000000000000, 1.000000000000000000 ) ) ;
#1916 = ORIENTED_EDGE ( 'NONE', *, *, #689, .F. ) ;
#1917 = ORIENTED_EDGE ( 'NONE', *, *, #1838, .F. ) ;
#1918 = CARTESIAN_POINT ( 'NONE',  ( -108.7447351035018812, -7.500000000000007105, -74.99999999999279510 ) ) ;
#1919 = EDGE_CURVE ( 'NONE', #828, #1902, #2078, .T. ) ;
#1920 = EDGE_LOOP ( 'NONE', ( #40, #966, #365, #1091 ) ) ;
#1921 = DIRECTION ( 'NONE',  ( -9.050731179009428576E-16, 0.000000000000000000, 1.000000000000000000 ) ) ;
#1922 = FACE_BOUND ( 'NONE', #1130, .T. ) ;
#1923 = CARTESIAN_POINT ( 'NONE',  ( 99.99999999999997158, -7.500000000000000000, -100.0000000000000000 ) ) ;
#1924 = ADVANCED_FACE ( 'NONE', ( #1309 ), #1807, .F. ) ;
#1925 = ORIENTED_EDGE ( 'NONE', *, *, #424, .T. ) ;
#1926 = CYLINDRICAL_SURFACE ( 'NONE', #1861, 5.249999999999997335 ) ;
#1927 = EDGE_LOOP ( 'NONE', ( #136, #773, #233, #154 ) ) ;
#1928 = CIRCLE ( 'NONE', #1306, 5.249999999999997335 ) ;
#1929 = ORIENTED_EDGE ( 'NONE', *, *, #689, .T. ) ;
#1930 = DIRECTION ( 'NONE',  ( -0.000000000000000000, -1.000000000000000000, -0.000000000000000000 ) ) ;
#1931 = VECTOR ( 'NONE', #780, 1000.000000000000000 ) ;
#1932 = AXIS2_PLACEMENT_3D ( 'NONE', #1851, #839, #391 ) ;
#1933 = ORIENTED_EDGE ( 'NONE', *, *, #855, .F. ) ;
#1934 = VECTOR ( 'NONE', #296, 1000.000000000000000 ) ;
#1935 = DIRECTION ( 'NONE',  ( -0.000000000000000000, 1.000000000000000000, -0.000000000000000000 ) ) ;
#1936 = DIRECTION ( 'NONE',  ( -0.000000000000000000, 1.000000000000000000, -0.000000000000000000 ) ) ;
#1937 = ORIENTED_EDGE ( 'NONE', *, *, #1134, .F. ) ;
#1938 = AXIS2_PLACEMENT_3D ( 'NONE', #1202, #77, #1890 ) ;
#1939 = CARTESIAN_POINT ( 'NONE',  ( 99.99999999999997158, 7.500000000000000000, 100.0000000000000000 ) ) ;
#1940 = ORIENTED_EDGE ( 'NONE', *, *, #56, .F. ) ;
#1941 = EDGE_CURVE ( 'NONE', #661, #344, #1559, .T. ) ;
#1942 = ORIENTED_EDGE ( 'NONE', *, *, #2009, .F. ) ;
#1943 = LINE ( 'NONE', #1437, #1518 ) ;
#1944 = EDGE_CURVE ( 'NONE', #1637, #473, #1320, .T. ) ;
#1945 = VERTEX_POINT ( 'NONE', #1797 ) ;
#1946 = DIRECTION ( 'NONE',  ( -0.000000000000000000, 1.000000000000000000, -0.000000000000000000 ) ) ;
#1947 = CARTESIAN_POINT ( 'NONE',  ( 23.99999999999990408, -7.500000000000006217, -49.99999999999474198 ) ) ;
#1948 = ORIENTED_EDGE ( 'NONE', *, *, #30, .T. ) ;
#1949 = CARTESIAN_POINT ( 'NONE',  ( -68.74473510350190963, 7.500000000000000000, -119.9999999999988063 ) ) ;
#1950 = CARTESIAN_POINT ( 'NONE',  ( -120.0000000000000284, 7.500000000000007105, -96.59999999999635634 ) ) ;
#1951 = ORIENTED_EDGE ( 'NONE', *, *, #1253, .T. ) ;
#1952 = FACE_OUTER_BOUND ( 'NONE', #1203, .T. ) ;
#1953 = DIRECTION ( 'NONE',  ( 0.000000000000000000, 0.000000000000000000, -1.000000000000000000 ) ) ;
#1954 = CARTESIAN_POINT ( 'NONE',  ( -120.0000000000000284, 7.500000000000007105, 100.0000000000036522 ) ) ;
#1955 = EDGE_LOOP ( 'NONE', ( #1678, #8 ) ) ;
#1956 = DIRECTION ( 'NONE',  ( 0.000000000000000000, 0.000000000000000000, 1.000000000000000000 ) ) ;
#1957 = CARTESIAN_POINT ( 'NONE',  ( 23.99999999999990408, -7.500000000000006217, -44.74999999999484857 ) ) ;
#1958 = PRESENTATION_LAYER_ASSIGNMENT (  '', '', ( #939 ) ) ;
#1959 = ORIENTED_EDGE ( 'NONE', *, *, #1215, .F. ) ;
#1960 = EDGE_CURVE ( 'NONE', #188, #995, #99, .T. ) ;
#1961 = CIRCLE ( 'NONE', #735, 5.249999999999889866 ) ;
#1962 = DIRECTION ( 'NONE',  ( 0.000000000000000000, 0.000000000000000000, 1.000000000000000000 ) ) ;
#1963 = AXIS2_PLACEMENT_3D ( 'NONE', #312, #641, #777 ) ;
#1964 = CARTESIAN_POINT ( 'NONE',  ( -26.00000000000015632, -7.500000000000006217, 5.257510070753409350E-12 ) ) ;
#1965 = DIRECTION ( 'NONE',  ( -0.000000000000000000, 1.000000000000000000, -0.000000000000000000 ) ) ;
#1966 = CIRCLE ( 'NONE', #1216, 2.649999999999999467 ) ;
#1967 = VERTEX_POINT ( 'NONE', #177 ) ;
#1968 = CIRCLE ( 'NONE', #1999, 5.249999999999991118 ) ;
#1969 = DIRECTION ( 'NONE',  ( -0.000000000000000000, 1.000000000000000000, -0.000000000000000000 ) ) ;
#1970 = DIRECTION ( 'NONE',  ( 0.000000000000000000, 0.000000000000000000, 1.000000000000000000 ) ) ;
#1971 = EDGE_CURVE ( 'NONE', #1368, #1381, #983, .T. ) ;
#1972 = ORIENTED_EDGE ( 'NONE', *, *, #1700, .T. ) ;
#1973 = LINE ( 'NONE', #694, #1482 ) ;
#1974 = CARTESIAN_POINT ( 'NONE',  ( 23.99999999999992895, 7.500000000000007105, 49.99999999999926814 ) ) ;
#1975 = DIRECTION ( 'NONE',  ( 0.000000000000000000, 0.000000000000000000, 1.000000000000000000 ) ) ;
#1976 = EDGE_CURVE ( 'NONE', #454, #746, #1290, .T. ) ;
#1977 = PLANE ( 'NONE',  #1117 ) ;
#1978 = EDGE_LOOP ( 'NONE', ( #1765, #1230 ) ) ;
#1979 = CARTESIAN_POINT ( 'NONE',  ( -30.12658773652755428, -7.500000000000000000, 31.24999999999909051 ) ) ;
#1980 = CARTESIAN_POINT ( 'NONE',  ( 23.99999999999992895, -7.500000000000007105, 44.74999999999937472 ) ) ;
#1981 = ORIENTED_EDGE ( 'NONE', *, *, #2101, .F. ) ;
#1982 = CARTESIAN_POINT ( 'NONE',  ( -30.12658773652755428, 7.500000000000007105, 31.24999999999909051 ) ) ;
#1983 = DIRECTION ( 'NONE',  ( 0.000000000000000000, 0.000000000000000000, 1.000000000000000000 ) ) ;
#1984 = CARTESIAN_POINT ( 'NONE',  ( 101.2552648964981046, -7.500000000000007105, 70.80000000000012506 ) ) ;
#1985 = LINE ( 'NONE', #1670, #1388 ) ;
#1986 = ORIENTED_EDGE ( 'NONE', *, *, #541, .T. ) ;
#1987 = DIRECTION ( 'NONE',  ( -0.000000000000000000, -1.000000000000000000, -0.000000000000000000 ) ) ;
#1988 = ORIENTED_EDGE ( 'NONE', *, *, #1960, .T. ) ;
#1989 = DIRECTION ( 'NONE',  ( 0.000000000000000000, -1.000000000000000000, 0.000000000000000000 ) ) ;
#1990 = CIRCLE ( 'NONE', #503, 4.199999999999995737 ) ;
#1991 = EDGE_CURVE ( 'NONE', #1500, #461, #1480, .T. ) ;
#1992 = LINE ( 'NONE', #1364, #701 ) ;
#1993 = CARTESIAN_POINT ( 'NONE',  ( 99.99999999999997158, 7.500000000000000000, 100.0000000000000000 ) ) ;
#1994 = VECTOR ( 'NONE', #1474, 1000.000000000000000 ) ;
#1995 = DIRECTION ( 'NONE',  ( 0.000000000000000000, 0.000000000000000000, 1.000000000000000000 ) ) ;
#1996 = EDGE_LOOP ( 'NONE', ( #1746, #1981 ) ) ;
#1997 = AXIS2_PLACEMENT_3D ( 'NONE', #1954, #1965, #1995 ) ;
#1998 = CARTESIAN_POINT ( 'NONE',  ( 23.99999999999992895, 7.500000000000007105, 49.99999999999926814 ) ) ;
#1999 = AXIS2_PLACEMENT_3D ( 'NONE', #370, #677, #1163 ) ;
#2000 = ORIENTED_EDGE ( 'NONE', *, *, #1749, .T. ) ;
#2001 = CARTESIAN_POINT ( 'NONE',  ( -30.12658773652751165, -7.500000000000000000, -36.50000000000092371 ) ) ;
#2002 = LINE ( 'NONE', #686, #1622 ) ;
#2003 = CARTESIAN_POINT ( 'NONE',  ( 103.9999999999999858, 7.500000000000000000, -150.0000000000000000 ) ) ;
#2004 = EDGE_CURVE ( 'NONE', #378, #462, #615, .T. ) ;
#2005 = ORIENTED_EDGE ( 'NONE', *, *, #76, .F. ) ;
#2006 = CARTESIAN_POINT ( 'NONE',  ( 119.9999999999999716, -7.500000000000000000, -99.99999999999636202 ) ) ;
#2007 = ORIENTED_EDGE ( 'NONE', *, *, #1774, .F. ) ;
#2008 = CARTESIAN_POINT ( 'NONE',  ( -30.12658773652755428, -7.500000000000000000, 25.99999999999909406 ) ) ;
#2009 = EDGE_CURVE ( 'NONE', #1381, #1368, #1968, .T. ) ;
#2010 = DIRECTION ( 'NONE',  ( -0.000000000000000000, 1.000000000000000000, -0.000000000000000000 ) ) ;
#2011 = CARTESIAN_POINT ( 'NONE',  ( -150.0000000000000284, 7.500000000000000000, -150.0000000000000000 ) ) ;
#2012 = DIRECTION ( 'NONE',  ( -0.000000000000000000, -1.000000000000000000, -0.000000000000000000 ) ) ;
#2013 = ORIENTED_EDGE ( 'NONE', *, *, #214, .F. ) ;
#2014 = LINE ( 'NONE', #2052, #1147 ) ;
#2015 = VERTEX_POINT ( 'NONE', #43 ) ;
#2016 = LINE ( 'NONE', #1382, #369 ) ;
#2017 = EDGE_CURVE ( 'NONE', #1240, #1465, #1219, .T. ) ;
#2018 = VERTEX_POINT ( 'NONE', #1333 ) ;
#2019 = CARTESIAN_POINT ( 'NONE',  ( -108.7447351035018812, 7.500000000000000000, -74.99999999999279510 ) ) ;
#2020 = AXIS2_PLACEMENT_3D ( 'NONE', #66, #989, #1638 ) ;
#2021 = DIRECTION ( 'NONE',  ( 0.000000000000000000, 1.000000000000000000, 0.000000000000000000 ) ) ;
#2022 = DIRECTION ( 'NONE',  ( -0.000000000000000000, -1.000000000000000000, -0.000000000000000000 ) ) ;
#2023 = VERTEX_POINT ( 'NONE', #1984 ) ;
#2024 = CIRCLE ( 'NONE', #1144, 4.199999999999995737 ) ;
#2025 = DIRECTION ( 'NONE',  ( -0.000000000000000000, -1.000000000000000000, -0.000000000000000000 ) ) ;
#2026 = CIRCLE ( 'NONE', #804, 4.199999999999995737 ) ;
#2027 = ORIENTED_EDGE ( 'NONE', *, *, #56, .T. ) ;
#2028 = CARTESIAN_POINT ( 'NONE',  ( 61.25526489649811168, -7.500000000000007105, 120.0000000000012221 ) ) ;
#2029 = ORIENTED_EDGE ( 'NONE', *, *, #1153, .F. ) ;
#2030 = CARTESIAN_POINT ( 'NONE',  ( -26.00000000000015632, -7.500000000000007105, -5.249999999994632738 ) ) ;
#2031 = SHAPE_DEFINITION_REPRESENTATION ( #1479, #1023 ) ;
#2032 = DIRECTION ( 'NONE',  ( -0.000000000000000000, 1.000000000000000000, -0.000000000000000000 ) ) ;
#2033 = LINE ( 'NONE', #709, #644 ) ;
#2034 = ORIENTED_EDGE ( 'NONE', *, *, #812, .T. ) ;
#2035 = CARTESIAN_POINT ( 'NONE',  ( 73.99999999999988631, -7.500000000000006217, 5.381221287031438031E-12 ) ) ;
#2036 = ORIENTED_EDGE ( 'NONE', *, *, #186, .F. ) ;
#2037 = EDGE_LOOP ( 'NONE', ( #1615, #934, #1895, #1724 ) ) ;
#2038 = EDGE_CURVE ( 'NONE', #282, #1780, #696, .T. ) ;
#2039 = CARTESIAN_POINT ( 'NONE',  ( 149.9999999999999716, 7.500000000000000000, -150.0000000000000000 ) ) ;
#2040 = CARTESIAN_POINT ( 'NONE',  ( -108.7447351035018812, 7.500000000000000000, 75.00000000000001421 ) ) ;
#2041 = CARTESIAN_POINT ( 'NONE',  ( -99.99999999999997158, 7.500000000000000000, 100.0000000000000000 ) ) ;
#2042 = ORIENTED_EDGE ( 'NONE', *, *, #1911, .T. ) ;
#2043 = CARTESIAN_POINT ( 'NONE',  ( -26.00000000000015632, -7.500000000000006217, 5.257510070753409350E-12 ) ) ;
#2044 = ORIENTED_EDGE ( 'NONE', *, *, #486, .T. ) ;
#2045 = EDGE_LOOP ( 'NONE', ( #1773, #514, #1048, #1273 ) ) ;
#2046 = FACE_BOUND ( 'NONE', #1778, .T. ) ;
#2047 = DIRECTION ( 'NONE',  ( -0.000000000000000000, -1.000000000000000000, -0.000000000000000000 ) ) ;
#2048 = FACE_BOUND ( 'NONE', #932, .T. ) ;
#2049 = CARTESIAN_POINT ( 'NONE',  ( -30.12658773652751165, 7.500000000000006217, -31.25000000000092371 ) ) ;
#2050 = ORIENTED_EDGE ( 'NONE', *, *, #1971, .F. ) ;
#2051 = AXIS2_PLACEMENT_3D ( 'NONE', #1279, #1461, #1962 ) ;
#2052 = CARTESIAN_POINT ( 'NONE',  ( 103.9999999999999858, 7.500000000000000000, -150.0000000000000000 ) ) ;
#2053 = ORIENTED_EDGE ( 'NONE', *, *, #84, .T. ) ;
#2054 = CIRCLE ( 'NONE', #767, 46.00000000000000000 ) ;
#2055 = AXIS2_PLACEMENT_3D ( 'NONE', #1586, #505, #1120 ) ;
#2056 = FACE_BOUND ( 'NONE', #593, .T. ) ;
#2057 = EDGE_LOOP ( 'NONE', ( #414, #1245 ) ) ;
#2058 = DIRECTION ( 'NONE',  ( -0.000000000000000000, -1.000000000000000000, -0.000000000000000000 ) ) ;
#2059 = CARTESIAN_POINT ( 'NONE',  ( 23.99999999999992895, -7.500000000000007105, 49.99999999999926814 ) ) ;
#2060 = CARTESIAN_POINT ( 'NONE',  ( -99.99999999999997158, 7.500000000000000000, 102.6500000000000057 ) ) ;
#2061 = ORIENTED_EDGE ( 'NONE', *, *, #30, .F. ) ;
#2062 = DIRECTION ( 'NONE',  ( -0.000000000000000000, -1.000000000000000000, -0.000000000000000000 ) ) ;
#2063 = ORIENTED_EDGE ( 'NONE', *, *, #70, .T. ) ;
#2064 = DIRECTION ( 'NONE',  ( -1.000000000000000000, 0.000000000000000000, 1.850371707708594316E-16 ) ) ;
#2065 = CYLINDRICAL_SURFACE ( 'NONE', #1247, 3.400000000000000355 ) ;
#2066 = ORIENTED_EDGE ( 'NONE', *, *, #859, .T. ) ;
#2067 = DIRECTION ( 'NONE',  ( 0.000000000000000000, 0.000000000000000000, -1.000000000000000000 ) ) ;
#2068 = FACE_BOUND ( 'NONE', #1771, .T. ) ;
#2069 = DIRECTION ( 'NONE',  ( -0.000000000000000000, -1.000000000000000000, -0.000000000000000000 ) ) ;
#2070 = ORIENTED_EDGE ( 'NONE', *, *, #350, .F. ) ;
#2071 = EDGE_CURVE ( 'NONE', #2073, #1500, #376, .T. ) ;
#2072 = CYLINDRICAL_SURFACE ( 'NONE', #334, 5.249999999999991118 ) ;
#2073 = VERTEX_POINT ( 'NONE', #520 ) ;
#2074 = CARTESIAN_POINT ( 'NONE',  ( 101.2552648964981046, 7.500000000000000000, 75.00000000000012790 ) ) ;
#2075 = CARTESIAN_POINT ( 'NONE',  ( -99.99999999999997158, 7.500000000000000000, -102.6500000000000057 ) ) ;
#2076 = ORIENTED_EDGE ( 'NONE', *, *, #882, .T. ) ;
#2077 = DIRECTION ( 'NONE',  ( 0.000000000000000000, 0.000000000000000000, 1.000000000000000000 ) ) ;
#2078 = LINE ( 'NONE', #1504, #811 ) ;
#2079 = ORIENTED_EDGE ( 'NONE', *, *, #1609, .F. ) ;
#2080 = CARTESIAN_POINT ( 'NONE',  ( -150.0000000000000284, 7.500000000000000000, -104.0000000000000000 ) ) ;
#2081 = ORIENTED_EDGE ( 'NONE', *, *, #774, .F. ) ;
#2082 = AXIS2_PLACEMENT_3D ( 'NONE', #52, #706, #35 ) ;
#2083 = DIRECTION ( 'NONE',  ( 0.000000000000000000, 0.000000000000000000, 1.000000000000000000 ) ) ;
#2084 = FACE_OUTER_BOUND ( 'NONE', #1126, .T. ) ;
#2085 = AXIS2_PLACEMENT_3D ( 'NONE', #1982, #1034, #1814 ) ;
#2086 = EDGE_CURVE ( 'NONE', #958, #461, #443, .T. ) ;
#2087 = AXIS2_PLACEMENT_3D ( 'NONE', #190, #997, #39 ) ;
#2088 = ORIENTED_EDGE ( 'NONE', *, *, #1651, .T. ) ;
#2089 = AXIS2_PLACEMENT_3D ( 'NONE', #274, #599, #561 ) ;
#2090 = AXIS2_PLACEMENT_3D ( 'NONE', #1839, #1003, #37 ) ;
#2091 = DIRECTION ( 'NONE',  ( 0.000000000000000000, 0.000000000000000000, 1.000000000000000000 ) ) ;
#2092 = ADVANCED_FACE ( 'NONE', ( #972 ), #1627, .F. ) ;
#2093 = CARTESIAN_POINT ( 'NONE',  ( 99.99999999999997158, 7.500000000000000000, 100.0000000000000000 ) ) ;
#2094 = AXIS2_PLACEMENT_3D ( 'NONE', #2041, #1717, #1514 ) ;
#2095 = AXIS2_PLACEMENT_3D ( 'NONE', #1706, #871, #65 ) ;
#2096 = EDGE_CURVE ( 'NONE', #1140, #212, #1142, .T. ) ;
#2097 = FACE_OUTER_BOUND ( 'NONE', #1927, .T. ) ;
#2098 = ORIENTED_EDGE ( 'NONE', *, *, #1941, .T. ) ;
#2099 = VERTEX_POINT ( 'NONE', #10 ) ;
#2100 = CARTESIAN_POINT ( 'NONE',  ( 99.99999999999997158, -7.500000000000000000, -97.35000000000000853 ) ) ;
#2101 = EDGE_CURVE ( 'NONE', #1945, #1119, #952, .T. ) ;
#2102 = EDGE_LOOP ( 'NONE', ( #1295, #928, #508, #1607 ) ) ;
#2103 = ADVANCED_FACE ( 'NONE', ( #2 ), #1300, .F. ) ;
ENDSEC;
END-ISO-10303-21;
